Expressions,Spiti,Ladakhi,Khoibu,Ao,Adi,Bodo,Meiteilon,Thangal,Tangkhul,Tinkar lo,Lotha,Rongmei,Angami,Jad,Bhoti,Thadou,Mao,Chakesang Chokri,Konyak,Phom,Pochuri,Sangtam,Yimkhiung,Chakesang kheza,Khiamniungan,Rengma,Sumi,Zeme,Agam Nyishi,Apatani,Galo,Hawa nocte,Idu mishmi,Kaman mishmi,Koro-aka,Padam Adi,Taraon mishmi,Tikhak Tangsa,Tsangla (Monpa),Upper wancho
,,,,,,,,,,,,,,,,,,,,,,,,,,,,,,,,,,,,,,,,
Ordinals,,,,,,,,,,,,,,,,,,,,,,,,,,,,,,,,,,,,,,,,
First,muŋsɔʋə,ɡomɑ,bəŋkəri,mizzem,kərɑŋ,šɪɡɑ̃ŋɡ,əhɑnbə,əkʰət̪nɑ,kʰəre,pɛhlɑ,ohum oto,rəiməe,kereʋu,-,ɡomɑ,əmɑsɑ,kərɛnɑ,kɘɹao,awaŋpa,ʃoŋpə,apo-wa,kʰətu-pʌ / akʰu-pʌ,akʰupe,kiɹi,ajatin,akɘɹi-gɘ,atɘχɘu,pɘset-ket,ʧo / ətuk,kapioʤa-pa,àto / àʧo,abaŋtʰuɘn,ihendo,paŋ,pàti-eʧe,kəɹaŋ,hɘju,kəʧəi,gumtʰakpa,àbàŋ
Second,nɨpa,nispɑ,kʰənikətʰluŋ,ənnɑpùpɑ̀?,ɑɲɲi nɑnɑ,nəɪt̪ʰɪ,əni subə,ənɪ:hnɑ,kəkʰne,dusrɑ/dʊsrɔ/dəsrɔ,injo oto,kənəiməe,kenɨjeʋu,-,ɲipɑ,əninɑ,kəhɛ̃nɑ,kɘna-o,awaŋ-pɘ-ɲi,ɲi-papɯ,kəɲi-wa,aɲu:-pʌ,maʔɲɪ-pɘ,ʧəʃo,mɘ-ʧam,kɘɲ̥uŋ-gɘ,akiɲu,pɘset-kɘna,kɘʃiŋ,ani-nɘpa,àdɘ,-,imtakiʧi / buinilinaba,wənmahəi,pàti-kene,ani,-,-,ʦiŋʦiŋa,àni
Third,sumba,sumpɑ,kʰəjumkətʰluŋ,əʃəmpùpɑ̀?,ɑŋum nɑnɑ,ʈʰəmt̪ʰɪ,əhum subə,ət̪ʰumnɑ,kəkt̪ʰum,tisrɔ,etʰəm oto,kətʰumməe,sɛʋu,-,sumpɑ,ətʰumnɑ,kossənɑ,sɘ-o,awaŋ-pɘ-lim,ʧəm-papɯ,kəʧe-wa,asəuŋ-pʌ,asam-pɘ,kəʦɘ,sɘm-ʧam,kɘ́nʃəŋ-gɘ,akɘtʰɘu,pɘset-kɘʦum,kɘin,hiŋɪ-nɘpa,auom-name,-,bɘ-so-linaba,wəihəiʧɘn,pàti-kala,aŋum,-,-,sa:-ma,àɹəm
Fourth,dʒipa,ižbipɑ,pʰəlikətʰluŋ,pizzəpùpɑ̀?,ɑppi nɑnɑ,brəɪht̪ʰɪ,məri subə,əlɪ:nɑ,kəmət̪ɪ,-,meɹž oto,pədəiməe,dɨjeʋu,-,žipɑ,əlinɑ,pəddenɑ,da-o,awaŋ-pɘli,əli-papɯ,əmza-wa,məjəu:-pʌ,apʰɪ-pɘ,pɘti,pɘle-ʧam,pɘzi-gɘ,abidiu,pɘset-medai,pidɘp,pɘli-nɘpa,api-name,-,bɘ-pi-linaba,-,pàti-kople,api,-,-,pʰi-ma,pɘʒi
Fifth,ŋãpa,Gɑpɑ,pʰəŋɑ̃kətʰluŋ,puŋopùpɑ̀?,pilŋo nɑnɑ,bɑ:t̪ʰɪ,məŋɑ subə,ənɡɑ̃:nɑ,kəpʰənɡɑ,-,moŋo oto,pəŋuməe,peŋu,-,ɲɑ̃pɑ,əŋɑnɑ,puŋonɑ,puŋu-o,awaŋ-pɘ-ŋa,ŋa-papɯ,məŋa-wa,məŋəu:-pʌ,apʰɘŋɘ-pɘ,puŋu,muŋu-tiam,pfɘŋ-gɘ,apuŋu:,pɘset-miŋʉ,pidibo,jaŋo-nɘpa,aŋo-name,-,bɘ-maŋa-linaba,-,pàti-ple,pilo,-,-,ŋa-ma,aɲa
Sixth,ʈʰrokpa,ʈukpɑ,tʰərukkətʰluŋ,ʈʰruk pùpɑ̀?,ɑkke nɑnɑ,ɖot̪ʰɪ,təruk subə,əɡuknɑ,kət̪ʰəru,-,tirokʰ oto,čərukməe,soru,-,ɖupɑ,əɡupnɑ,čorɔnɑ,ʃɘɹə-o,awaŋ-pɘ-vok,wok-papɯ,toɹo-wa,tʰoɹu:-pʌ,atʰɘɹok-pɘ,saɹə,lɘwok-tiam,ʦɘɹo-gɘ,akɘʦuɣou,pɘset-sɘɹok,kʰe-buhe,χi-nɘpa,akɘ-name,-,bɘ-ɹ̥o-linaba,-,pàti-sɘfi,ake,-,-,kʰum-ma,agok
Seventh,dʉnba,dunpɑ,inikətʰluŋ,tənətpùpɑ̀?,kɨnɨt nɑnɑ,snɪt̪ʰɪ,tərət subə,əsəɡɪhnɑ,kəšɪnɪ,-,tiĩŋ oto,čənəiməe,tʰenijeʋu,-,dunpɑ,əsəɡinɑ,čənninɑ,tʰɘna-o,awaŋ-pɘ-nɪt,ɲət-papɯ,təɹa-wa,tʰeŋiu:-pə,atʰɘŋe-pɘ,seɲu,ʦɘɲe-tiam,ʦɘnɘ-gɘ,akɘʦɘniu,pɘset-sɘna,kɘn-ʤab,kənoi-nɘpa,kan-name,-,bɘ-wu-linaba,-,pàti-ɹoŋ,kɘnɘt,-,-,zum-ma,anət
Eighth,ɡjɛtpa,ɡjətpɑ,təcətkətʰluŋ,ʈʰɪpùpɑ̀?,pɨ:ɲi nɑnɑ,ɖɑɪnt̪ʰɪ,nipɑn subə,əɡɪet̪ʰnɑ,kəčɪsət̪,-,tizɑ oto,təčətməe,tʰɛtʰɑʋu,-,ɡjɛpɑ,əɡjetnɑ,čəččɑnɑ,tɘtʰa-o,awaŋ-pɘ-tɪt,ʃət-papɯ,təze-wa,kiu:-pʌ,atɘʒaʔ-pɘ,tiʧe:u,pɘʧe-tiam,tɘʦe-gɘ,akɘtàʧeu,pɘset-set,pin-ʤəbu,piɲɪ-nɘpa,pinɘ-name,-,bɘ-ju-linaba,-,pàti-ɹala,-,-,-,jen-ma,asət
Nineth,ɡupa,ɡupɑ,təkukətʰluŋ,ʈʰukupùpɑ̀?,konɑŋ nɑnɑ,ɡʊt̪ʰɪ,mɑpən subə,əkuo:nɑ,kəčɪko,-,topʰʋə oto,čəkjuməe,tʰɛθʋu,-,ɡupɑ,əkonɑ,čikunɑ,tʰɘʧi-o,awaŋ-pɘ-tu,ʃʉ-papɯ,toku-wa,təku:-pə,atuku-pɘ,təkfɘ:u,lɘkau-tiam,tɘkɘə-gɘ,atoku:,pəset-sɘkui,kʰja-ʤəbu / kʰja-ʧe / kʰja-ne,kua-nɘpa,kiŋə-name,-,bɘ-kʰini-linaba,-,pàti-gaje,-,-,-,gu-ma,aku
Tenth,tʃupa,tʃupɑ,cipkʰəekətʰluŋ,tʰərʋɑ,ɨjiŋ nɑnɑ,žɪ:t̪ʰɪ,tərɑ subə,əšɔmnɑ,kət̪ʰərɑ,-,tɑro oto,ruməe,keru,-,čupɑ,əsomnɑ,kjɑnɑ,kɘɹi-o,awaŋ-pɘ-pən,ən-papɯ,təɹake-wa,tʰəɹəu:-pʌ,atʰɘɹɘ-pɘ,ʧaɹə:,ʧe-tiam,ʦɘɹɘ-gɘ,-,pɘset-kɘɹɘu,ʧam-ne/ ɹiŋ-ne / ʧam-dəb / ʧam-buhe,aliaŋ-nɘpa,ɘɹɘ-name,-,bɘ-huŋ-linaba,-,pàti-fala,-,-,-,se-ma,ba:n
Eleventh,tʃʋiʃikpa,-,cipləikʰətkətʰluŋ,tʰərkʰɑpùpɑ̀?,ɨjiŋ kolɑŋ ɑtəl nɑnɑ,žɪ:šet̪ʰɪ,tərɑ mɑtʰoy subə,əšɔmlekʰət̪nɑ,kət̪ʰərɑt̪əɑ:kʰə,-,tɑro ekʰɑ oto,rukʰətməe,kerpoʋu,-,čuʃipɑ,əsomləkʰətnɑ,kjɑkəljunɑ,kɘɹi-pɘ-kɹi:o,awaŋ-pɘ-pən-pɘ-ʧa,ən-pɘ-hɯk-papɯ,təɹaləke-wa,tʰeɹe-kʰətu-pʌ / tʰeɹe-kʰiu:-pə,tʰɘɹɘ kjak kʰɘlaŋ pɘ,ʧaɹə-kele-u,ʦɘ-kɘ-ʦak-tiam,ʦɘɹɘ-m̥e-gɘ,-,pɘset-kɘɹɘu-ket,ɹeŋ-kin-ʧo / ɹeŋ-leʧo,aliaŋ-aku-nɘpa,ɘɹɘ-gola-aken-name,-,bɘ-hu-ke-linaba,-,pàti-fala-jali-eʧe,-,-,-,soŋ-tʰuɹ-ma,ba:n-ba-ʧa
Twelvth,tʃʋinɨʋə,-,cipləikʰənikətʰluŋ,tʰərənnɑpùpɑ̀?,ɨjiŋ kolɑŋ ɑɲɲi  nɑnɑ,žɪ:nəɪt̪ʰɪ,tərɑ nithʰoy subə,əšɔmlenɪ:hnɑ,kət̪ʰərɑt̪əkʰənɪ,-,tɑro eni oto,rukənəiməe,kerkenɨjeʋu,-,čuɲipɑ,əsomləninɑ,kjɑkəhɛ̃nɑ,kɘɹi-kɘna-o,awaŋ-pɘ-pən-pɘ-ɲi,ən-pɘ-ɲi-papɯ,təɹa-keɲi-wa,tʰeɹe-aɲiu:-pʌ,tʰɘɹɘ kjak maʔɲɪ pɘ,ʧaɹə-kin̥i-u,ʦɘ-kɘ-lɘme-tiam,ʦɘɹɘ-kɘɲ̥uŋ-gɘ,-,pɘset-kɘɹɘu-kɘna,ɹeŋlekɘʃi,aliaŋ-ani-nɘpa,ɘɹɘ-gola-ani-name,-,bɘ-hu-ni-linaba,-,pàti-fala-jali-kene,-,-,-,soŋ-nikʦiŋ-ma,ba:n-ba-ni
Thirteenth,tʃuksumbə,-,cipləikʰəjumkətʰluŋ,tʰərəʃəmpùpɑ̀?,ɨjiŋ kolɑŋ ɑŋum nɑnɑ,žɪ:ʈʰəmt̪ʰɪ,tərɑ humdoy subə,əšɔmlet̪ʰumnɑ,kət̪ʰərɑt̪əkət̪ʰum,-,tɑro etʰəm oto,rukətʰumməe,kersɛʋu,-,čusumpɑ,əsomlətʰumnɑ,kjɑkossəunɑ,kɘɹi-sɘ-o,awaŋ-pɘ-pən-pɘ-lim,ən-pɘ-ʧəm-papɯ,təɹak-ʧe-wa,tʰeɹe-asəuŋ-pʌ,tʰɘɹɘ kjak maʔsam pɘ,ʧaɹə-kəʦɘ-u,ʦɘ-kɘ-sɘme-tiam,ʦɘɹɘ-kɘ́nʃəŋ-gɘ,-,pɘset-kɘɹɘu-kɘʦum,ɹeŋ-le-om-kɘin / ɹeŋ-le-kɘin,aliaŋ-hiŋɪ-nɘpa,ɘɹɘ-gola-auom-name,-,bɘ-hulo-so-linaba,-,pàti-fala-jali-kala,-,-,-,soŋ-sam-ma,ba:n-ba-aɹəm
Fourteenth,tʃʋidʒipa,-,cipləipʰəlikətʰluŋ,tʰərpiʒʒəpùpɑ̀?,ɨjiŋ kolɑŋ ɑppi nɑnɑ,žɪ:brəɪht̪ʰɪ,tərɑ məri subə,əšɔmlelɪ:nɑ,kət̪ʰərɑt̪əmət̪ɪ,-,tɑro meɹž oto,rupədəiməe,kerdɨjeʋu,-,čubžipɑ,əsomləlinɑ,kjɑpədjeunɑ,kɘɹi-da-o,awaŋ-pɘ-pən-pɘli,ən-pɘ-əli-papɯ,təɹam-zə-wa,tʰeɹe-məju:-pʌ,tʰɘɹɘ kjak pʰɘŋɪ pɘ,ʧaɹə-pədi-u,ʦɘ-kɘ-pɘle-tiam,ʦɘɹɘ-pɘzɪ-gɘ,-,pɘset-kɘɹɘu-medai,ɹeŋ-le-pi-dip / ɹeŋ-le-dɘb,aliaŋ-la-pɘli-nɘpa,ɘɹɘ-gola-api-name,-,bɘ-hu-pi-linaba,-,pàti-fala-jali-kople,-,-,-,soŋ-pʰi-ma,ba:n-ba-pɘʒi
Fifteenth,tʃʋeŋaʋə,-,cipləipʰəŋɑ̃kətʰluŋ,tʰərpuŋopùpɑ̀?,ɨjiŋ kolɑŋ pilŋo nɑnɑ,žɪ:bɑ:t̪ʰɪ,tərɑ məŋɑ subə,əšɔmlenɡɑ̃:nɑ,kət̪ʰərɑt̪əpʰənɡɑ,-,tɑro moŋo oto,rupəŋuməe,kerpeŋu,-,̌čoɲɑ̃pɑ,əsomləŋɑnɑ,kjɑpuŋounɑ,kɘɹi-puŋu-o,awaŋ-pɘ-pən-pɘ-ŋa,ən-pɘ-ŋaipapɯ,təɹam-ŋa-wa,tʰeɹe-məɲiu:-pʌ,tʰɘɹɘ kjak pʰɘŋɘ pɘ,ʧaɹə-puŋu:,ʦɘ-kɘ-muŋu-tiam,ʦɘɹɘ-pfɘŋ-gɘ,-,pɘset-kɘɹɘu-miŋʉ,ɹeŋ-le-ŋu-dibu / ɹeŋ-le-ŋu-buhe,aliaŋ-la-jaŋo-nɘpa,ɘɹɘ-gola-aŋo-nam,-,bɘ-hu-ma-linaba,-,pàti-fala-jali-ple,-,-,-,soŋ-ŋa-ma,ba:n-ba-aɲa
Sixteenth,tʃʋirukpa,-,cipləitʰərukkətʰluŋ,tʰərʈʰruk pùpɑ̀?,ɨjiŋ kolɑŋ ɑkke nɑnɑ,žɪ:ɖot̪ʰɪ,tərɑ təruk subə,əšɔmleɡuknɑ,kət̪ʰərɑt̪ət̪ʰəru,-,tɑro tirokʰ oto,ručərukməe,kersoru,-,čuropɑ,əsomləɡupnɑ,kjɑčorɔunɑ,kɘɹi-ʃɘɹɘ-o,awaŋ-pɘ-pən-pɘ-vok,ən-pɘ-wok-papə,təɹa-toɹo-wa,tʰeɹe-tʰoɹu:-pʌ,tʰɘɹɘ kjak tʰɘɹok pɘ,ʧaɹə-saɹə:,ʦɘ-kɘ-lɘwok-tiam,ʦɘɹɘ-o-ʦɘɹo-gɘ,-,pɘset-kɘɹɘu-sɘɹok,ɹeŋ-le-kʰe-buhe,aliaŋ-la-χɘ-nɘpa,ɘɹɘ-gola-akɘ-name,-,bɘ-hola-ɹ̥ɘ-linaba,-,pàti-fala-jali-səfi,-,-,-,soŋ-kʰum-ma,ba:n-ba-agok
Seventeenth,tʃʋipdʉnba,-,cipləiinikətʰluŋ,tʰərtənətpùpɑ̀?,ɨjiŋ kolɑŋ kɨnɨt nɑnɑ,žɪ:snɪt̪ʰɪ,tərɑ tərət subə,əšɔmlesəɡɪhnɑ,kət̪ʰərɑt̪əšɪnɪ,-,tɑro tiĩŋ oto,ručənəiməe,kertʰenijeʋu,-,čubdunpɑ,əsomləsəɡinɑ,kjɑčənnjunɑ,kɘɹi-tʰɘna-o,awaŋ-pɘ-pən-pɘ-nɪt,ən-pɘ-ɲət-papɯ,təɹa-təɹə-wa,tʰeɹe-tʰəŋiu:-pʌ,tʰɘɹɘ kjak tʰɘŋe pɘ,ʧaɹə-seɲ-u,ʦɘ-kɘ-ʦɘɲe-tiam,ʦɘɹo-o-ʦɘnɘ-gɘ,-,pɘset-kɘɹɘu-sɘna,ɹeŋ-le-kɘn-ʤəb,aliaŋ-la-kənoi-nɘpa,ɘɹɘ-gola-kanɘ-name,-,bɘ-holo-wu-linaba,-,pàti-fala-jali-ɹoŋ,-,-,-,soŋ-zum-ma,ba:n-ba-anət
Eighteenth,tʃʋipɡjɛtpa,-,cipləitəcətkətʰluŋ,tʰərʈʰɪpùpɑ̀?,ɨjiŋ kolɑŋ pɨ:ɲi nɑnɑ,žɪ:ɖɑɪnt̪ʰɪ,tərɑ nipɑn subə,əšɔmleɡɪet̪ʰnɑ,kət̪ʰərɑt̪əčɪsət̪,-,tɑro tizɑ oto,rutəčətməe,kertʰɛtʰɑʋu,-,čɔbɡjɛpɑ,əsomləɡjetnɑ,kjɑčəččɑonɑ,kɘɹi-tɘtʰa-o,awaŋ-pɘ-pən-pɘ-tɪt,ən-pɘ-ʃət-papɯ,təɹa-təze-wa,tʰeɹe-kiu:-pʌ,tʰɘɹɘ kjak tʰɘʒa pɘ,ʧaɹə-təʧe-u,ʦɘ-kɘ-pɘʧe-tiam,ʦɘɹo-o-tɘʦe-gɘ,-,pɘset-kɘɹɘu-tɘset,ɹeŋle-pin-ʤabuhe,aliaŋ-la-piɲɪ-nɘpa,ɘɹɘ-gola-pinɘ-name,-,bɘ-holo-ju-linaba,-,pàti-fala-jali-ɹala,-,-,-,soŋ-jen-ma,ba:n-ba-asət
Nineteenth,tʃurɡuʋə,-,cipləitəkukətʰluŋ,tʰərʈʰukupùpɑ̀?,ɨjiŋ kolɑŋ konɑŋ nɑnɑ,žɪ:ɡʊt̪ʰɪ,tərɑ mɑpən subə,əšɔmlekuo:nɑ,kət̪ʰərɑt̪əčɪko,-,tɑro topʰʋə oto,ručəkjuməe,kertʰɛθʋu,-,čurɡupɑ,əsomləkonɑ,kjɑčikounɑ,kɘɹi-tɘʧi-o,awaŋ-pɘ-pən-pɘ-tu,ən-pɘ-ʃʉ-papɯ,təɹa-toku-wa,tʰeɹe-təku:-pʌ,tʰɘɹɘ kjak tuku pɘ,ʧaɹə-tɘkfɘ-u,ʦɘ-kɘ-lɘkau-tiam,ʦɘɹo-o-tɘkɘə-gɘ,-,pɘset-kɘɹɘu-sɘkui,ɹeŋle-kʰja-ʧe,aliaŋ-la-kua-nɘpa,ɘɹɘ-gola-keŋə-name,-,bɘ-holo-kʰini-linaba,-,pàti-fala-jali-gaje,-,-,-,soŋ-gu-ma,ba:n-ba-aku
Twentyth,niʃuʋə,-,somnikʰəekətʰluŋ,metdʒəpùpɑ̀?,ɨjiŋ ɑɲɲi nɑnɑ,nəɪžɪ:t̪ʰɪ,kun subə,əšɔmnɪ:hnɑ,kəməɡə,-,mikʰjoto,čʋiməe,meθu,-,ɲiʃupɑ,əsomninɑ,məkkɛnɑ,mɘʧi-o,awaŋ-pɘ-ta,kokʰa-papɯ,ənkeke-wa,məkjəu:-pʌ,amuku pɘ,mɘʧi-u,kʰe-tiam,əmki-gɘ,-,pɘset-kai,ʧamni-dɘn,niχə-nɘpa,ɘɹɘ-gola-ʧami-name,-,bɘ-aniɹ̥u-linaba,-,pàti-nifa,-,-,-,kʰaitʰuɹ-pa,ta:
Twenty first,-,-,somniləikʰətkətʰluŋ,metdʒərkʰɑpùpɑ̀?,ɨjiŋ ɑɲɲi kolɑŋ ɑtəl nɑnɑ,nəɪžɪ:šet̪ʰɪ,kun mɑtʰoy subə,əšɔmnɪ:hlekʰət̪nɑ,kəməɡət̪əɑ:kʰə,-,mikʰje kʰɑoto,čʋinəkʰətməe,meθəpoʋu,-,ɲiʃusɑšipɑ,əsomniləkʰətnɑ,məkkɛkəljunɑ,mɘʧi-o-pɘ-o,awaŋ-pɘ-ta-pɘ-ʧa,ha-pɘ-hɯk-papɯ,ənken-kəsɯ-wa,məkjə-pə-kʰətu:-pʌ,muku kjak akʰuʔpe,mɘʧi-kele-u,kʰe-kɘ-ʦak-tiam,əmki-m̥eʧɘ-gɘ,-,pɘset-kai-ket,ʧamni-le-kin-ʧohe,niχə-aku-nɘpa,ɘɹɘ-gola-ʧami-gola-aken-name,-,bɘ-aniɹ̥u-kʰege-linaba,-,pàti-nifa-jali-eʧe,-,-,-,kʰaitʰuɹ-gin-tʰuɹ-pa,ta: -ba-ʧa
Twenty second,-,-,somniləikʰənikətʰluŋ,metdʒərənnɑpùpɑ̀?,,nəɪžɪ:nəɪt̪ʰɪ,kun nithʰoy subə,əšɔmnɪ:hlenɪ:hnɑ,kəməɡət̪əkʰənɪ,-,mikʰjə nioto,čʋikənəiməe,meθəkenɨjeʋu,-,ɲiʃusɑɲipɑ,əsomniləninɑ,məkkɛkəhɛ̃onɑ,mɘʧi-o-kɘna-o,awaŋ-pɘ-ta-pɘ-ɲi,ha-pɘ-ɲi-papɯ,ənken-kəɲi-wa,məkjə-pə-aɲu:-pʌ,muku kjak maʔɲɪ pɘ,mɘʧi-kin̥i-u,kʰe-kɘ-lɘme-tiam,əmki-kɘɲ̥uŋ-gɘ,-,pɘset-kai-kɘna,ʧamni-le-ni-kɘʃiŋ,niχə-ani-nɘpa,ɘɹɘ-gola-ʧami-gola-ani-name,-,bɘ-aniɹ̥u-kani-linaba,-,pàti-nifa-jali-kene,-,-,-,kʰaitʰuɹ-gin-nikʦiŋ-ma,ta: -ba-ani
,,,,,,,,,,,,,,,,,,,,,,,,,,,,,,,,,,,,,,,,
Ord-NP,,,,,,,,,,,,,,,,,,,,,,,,,,,,,,,,,,,,,,,,
First man.,mi munʃɔʋə,ɡomɑ mi,bəŋkəri nəpɑ,mizzəm/ əsəŋor,kəɹa jalumna ami,šɪɡɑ̃ŋɡ mɑnšɪ,nupɑ əhɑnbə,pəsəlkʰət̪ nɑ̃pɑ,mɪ kʰəre-pɑ,pɛhlɑ ʃʲəŋmi,eboi oʋəŋo,ɡɑn rəiməi/rəi-məi ɡɑn,tʰemije kereʋu,mijə čik,ɡomɑ butʃɑ,pəsəl kʰətnɑ/məssəpen,umɛ kərɛnɑ,tʰupu kɘɹa-o,awaŋpə-katʌ,ʃoŋpɘ paha,nimpa-apo-wa,atʰɹeɹə akʰu:-pʌ / akʰu: ɲiʦaɹə,akʰupe muʃi,mi kiɹiu,ajotin kʰemjo,tɘ̀mì kɘɹi-gɘ,awo atɘχɘu,ɹailaŋ pɘu,ni-ʧo / ga-ʧo / ni-ʧone / ga-ʧone,kapioʤa-pa milɘbo,aʧabo àto,abaŋtʰuɘn míva,ehendoʧi me:a,paŋ əwe:sa,pàti muɹu,kəɹa jalumna ami,hɘju mɘi / dɘbo mɘi / hamju mɘi,kəʧəi məi,gumtʰakpa soŋa,abaŋ pa
Second man.,mi nɨpaʰ,nis-pɑ mi,kʰənikətʰluŋ nəpɑ,ənnɑpùpɑ̀?  əsəŋor,ami ani-nana,nəɪt̪ʰɪ  mɑnšɪ,nupɑ ənisubə,pəsəlnɪ:h nɑ̃pɑ,mɪ kəkʰəne-pɑ,dusrɔ  ʃʲəŋmi,eboi njoto,ɡɑn kənəiməi,tʰemije kenɨjeʋu,mijə ni,ɲipɑ butʃɑ,pəsəl ninɑ,umɛ kəhɛ̃nɑ,tʰupu kɘna-o,ɲi-pə-katʌ,ɲi-papɯ paha,nimpa-kəɲi-wa,atʰɹeɹə aɲu:-pʌ / aɲu:-pʌ ɲiʦaɹə,maʔɲɪ-pɘ muʃi,mi ʧəʃo,mɘ-tiam kʰemjo,tɘ̀mì kɘɲ̥uŋ-gɘ,awo akiniu,pɘ-kɘna pɘu,niŋ-siŋne / ga-siŋne,ani-nɘpa milɘbo,-,-,-,-,pàti-kene muɹu,ami ani-nana,-,həi məi,ʦiŋʦiŋa soŋa,ani pa
Third man.,mi sumba,sum-pɑ mi,kʰəjumkətʰluŋ nəpɑ,əʃəmpùpɑ̀?  əsəŋor,ami aŋum-nana,ʈʰəmt̪ʰɪ  mɑnšɪ,nupɑ əhumsubə,pəsəlt̪ʰum nɑ̃pɑ,mɪ kəkətʰum-pɑ,tisrɔ  ʃʲəŋmi,eboi tʰəmoto,ɡɑn kətʰumməi,tʰemije sɛʋu,mijə sum,sumpɑ butʃɑ,pəsəl tʰumnɑ,umɛ kossənɑ,tʰupu sɘ-o,lim-pə-katʌ,ʧəm-papɯ paha,nimpa-kəʧe-wa,atʰɹeɹə asəuŋ- pʌ / asəuŋ-pʌ ɲiʦaɹə,maʔsam-pɘ muʃi,ʧəʃo kɘʦɘo,səm-tiam kʰemjo,tɘ̀mì kɘ́nʃəŋ-gɘ,awo akɘtʰɘu,pɘ-kɘʦum pɘu,ni-iŋne / ga-iŋne,hiŋɪ-nɘpa milɘbo,-,-,-,-,pàti-kala muɹu,ami aŋum-nana,-,-,-,aɹəm pa
Forth man.,mi dʒipa,ižbi-pɑ mi,pʰəlikətʰluŋ nəpɑ,pizzəpùpɑ̀?  əsəŋor,ami api-nana,brəɪht̪ʰɪ  mɑnšɪ,nupɑ mərisubə,pəsəllɪ: nɑ̃pɑ,mɪ kəmət̪ɪ-pɑ,-,eboi meɹžoto,ɡɑn pədəiməi,tʰemije dɨjeʋu,mijə ži,žipɑ butʃɑ,pəsəl linɑ,umɛ pəddenɑ,tʰupu da-o,pɘli-pə-katʌ,əli-papɯ paha,nimpa-əmza-wa,atʰɹeɹə məju:-pʌ / aməju:-pə ɲiʦaɹə,pʰi-pɘ muʃi,ʧəʃo kɘdio,pɘle-tiam kʰemjo,tɘ̀mì pɘzi-gɘ,awo abidiu,pɘ-medai pɘu,ni-iŋpine / ga-iŋpine,pɘlɪ-nɘpa milɘbo,-,-,-,-,pàti-kople muɹu,ami api-nana,-,-,-,pɘʒi pa
Fifth man.,mi ŋãpa,Gɑ-pɑ mi,pʰəŋɑ̃kətʰluŋ nəpɑ,puŋopùpɑ̀?  əsəŋor,ami pilo-nana,bɑ:t̪ʰɪ  mɑnšɪ,nupɑ məɠɑsubə,pəsəlnɡɑ̃ nɑ̃pɑ,mɪ kəpʰənɡɑ-pɑ,-,eboi muŋoto,ɡɑn pəŋuməi,tʰemije peŋu,mijə ŋɑ̃,ɲɑ̃pɑ nutʃɑ,pəsɑl ŋɑnɑ,umɛ puŋonɑ,tʰupu puŋu-o,ŋa-pə-katʌ,ŋa-papɯ paha,nimpa-məŋa-wa,atʰɹeɹə məŋəu:-pʌ / aməŋəu:-pə ɲiʦaɹə,pʰɘŋɘ-pɘ muʃi,ʧəʃo puŋu:,muŋu-tiam kʰemjo,tɘ̀mì pfɘ-gɘ,awo apuŋu:,pɘ-miɲʉ pɘu,jiŋ-ŋune / ga-ŋune,jaŋo-nɘpa milɘbo,-,-,-,-,pàti-ple muɹu,ami pilo-nana,-,-,-,aɲa pa
First woman,a:ni munʃɔʋə,ɡomɑ ɑni,bəŋkəri nəpui,mizzəmpùpɑ̀? tətčər,kəɹa jalumna mima,šɪɡɑ̃ŋɡ ɑɪǰe,nupi əhɑnbə,numeɪkʰət̪ nɑnu,šɪnɑu kʰəre-pɑ,pɛhlɑ kʰutɪʃʲɑ,eloi ohumoto,tunɑ rəiməi/rəiməi ɡɑn,tʰenju kerəθ,pojẽ cik,ɡomɑ bomo,numei kʰətnɑ/məssəpen,niʈo kərɛnɑ,tʰuno kɘɹa-o,awaŋpə-suko,ʃoŋpɘ ɲʉha,nimza-apo-wa,kʰiŋkuɹə aŋu: pʌ / akʰu kʰijuŋkɘpɘ,akʰupe azɘpeɹɘ,niʦɘ kiɹə,ajo mɪʃio,tɘ̀menɹɘ kɘɹi-gɘ,totími atɘχɘu,ɹailaŋpə hapuime,mɘ-ʧo / nɘ-ʧo,kapioʤa-pa ɲim,aɲamɘ / anabo,-,ehendoʧi jaku,paŋ kɘme:sa,pàti imɪm,kəɹa jalumna mima,-,kəʧəi məiɲəŋ,gumtʰakpa ŋiza,abaŋ pɘnu
Second woman,a:ni nɨpa,nis-pɑ ɑni,kʰənikətʰluŋ nəpui,tənnɑpùpɑ̀? tətčər,mima ani-nana,nəɪt̪ʰɪ ɑɪǰe,nupi ənisubə,numeɪnɪ:h nɑnu,šɪnɑu kəkʰənɪ-pɑ,dusrɔ kʰutɪʃʲɑ,eloi enioto,tunɑ kənəiməi,tʰenju kenɨjeθ,pojẽ ni,ɲipɑ bomo,numei ninɑ,niʈo kəhɛ̃nɑ,tʰuno kɘna-o,ɲi-pə-suko,ɲi-papɯ ɲʉha,nimza-kəɲi-wa,kʰiŋkuɹə aɲu: pʌ / aɲu: kʰijuŋkɘpɘ,maʔɲɪ-pɘ azɘpeɹɘ,niʦɘ ʧəʃo,mɘ-tiam mɪɲio,tɘ̀menɹɘ kɘɲ̥uŋ-gɘ,totími akiɲu,pakɘnape hapuime,mɘ-ʃiŋ / nɘ-ʃiŋne,ani-nɘpa -ɲim,-,-,-,-,pàti-kene imɪm,mima ani-nana,-,həi məiɲəŋ,ʦiŋʦiŋa baka/ ʦiŋʃoka baka,ani pɘnu
Third woman,a:ni sumba,sum-pɑ ɑni,kʰəjumkətʰluŋ nəpui,əʃəmpùpɑ̀? tətčər,mima aŋum-nana,ʈʰəmt̪ʰɪ ɑɪǰe,nupi əhumsubə,numeɪt̪ʰum nɑnu,šɪnɑu kəkətʰum-pɑ,tisrɔ   kʰutɪʃʲɑ,eloi etʰəmoto,tunɑ kətʰumməi,tʰenju sɛθ,pojẽ sum,sumpɑ bomo,numei tʰumnɑ,niʈo kossənɑ,tʰuno sɘ-o,lim-pə-suko,ʧəm-papɯ ɲʉha,nimza-kəʧe-wa,kʰiŋkuɹə asəuŋ pʌ / asəuŋ kʰijuŋkɘpɘ,maʔsam-pɘ azɘpeɹɘ,niʦɘ ʧəʃo kəʦɘo,sam-tiam mɪɲio,tɘ̀menɹɘ kɘ́nʃəŋ-gɘ,totími akɘtʰɘu,pakɘʦumpe hapuime,mɘ-iŋne / nɘ-iŋne,hiŋɪ-nɘpa ɲim,-,-,-,-,pàti-kala imɪm,mima aŋum-nana,-,-,-,aɹəm pɘnu
Forth woman,a:ni dʒipa,ižbi-pɑ ɑni,pʰəlikətʰluŋ nəpui,pizzəpùpɑ̀? tətčər,mima api-nana,brəɪht̪ʰɪ ɑɪǰe,nupi mərisubə,numeɪlɪ: nɑnu,šɪnɑu kəmət̪ɪ-pɑ,-,eloi meɹžoto,tunɑ pədəiməi,tʰenju dɨjeθ,pojẽ ži,žipɑ bomo,numei linɑ,niʈo pəddenɑ,tʰuno da-o,pɘli-pə-suko,əli-papɯ ɲʉha,nimza-əmza-wa,kʰiŋkuɹə məju: pʌ / aməju: kʰijuŋkɘpɘ,pʰi-pɘ azɘpeɹɘ,niʦɘ ʧəʃo pədio,pɘle-tiam mɪɲio,tɘ̀menɹɘ pɘzi-gɘ,totími abidiu,pamedaipe hapuime,mɘ-iŋpʰine / nɘ-iŋpʰine,pɘlɪ-nɘpa ɲim,-,-,-,-,pàti-kople imɪm,mima api-nana,-,-,-,pɘʒi pɘnu
Fifth woman,a:ni ŋãpa,Gɑ-pɑ ɑni,pʰəŋɑ̃kətʰluŋ nəpui,puŋopùpɑ̀? tətčər,mima pilo-nana,bɑ:t̪ʰɪ ɑɪǰe,nupi məŋɑsubə,numeɪnɡɑ̃ nɑnu,šɪnɑu kəpʰənɡɑ-pɑ,-,eloi muŋoto,tunɑ pəŋuməi,tʰenjupeŋuθ,pojẽ ŋɑ̃,ɲɑ̃pɑ bomo,numei ŋɑnɑ,niʈo puŋonɑ,tʰuno puŋu-o,ŋa-pə-suko,ŋa-papɯ ɲʉha,nimza-məŋa-wa,kʰiŋkuɹə məŋəu pʌ / aməŋəu kʰijuŋkɘpɘ,pʰɘŋɘ-pɘ azɘpeɹɘ,niʦɘ ʧəʃo puŋu:,muŋu-tiam mɪɲio,tɘ̀menɹɘ pfɘ-gɘ,totími apuŋu:,pamiɲʉpe hapuime,mɘ-iŋ-ŋu-ne / nɘ-iŋ-ŋu-ne,jaŋo-nɘpa ɲim,-,-,-,-,pàti-ple imɪm,mima pilo-nana,-,-,-,aɲa pɘnu
Sixth woman,a:ni ʈʰrukpa,ʈuk-pɑ ɑni,tʰərukkətʰluŋ nəpui,ʈʰrukpùpɑ̀? tətčər,mima ake-nana,ɖot̪ʰɪ ɑɪǰe,nupi təruksubə,numeɪɡuk nɑnu,šɪnɑu kət̪ʰəru-pɑ,-,eloi tirokʰoto,tunɑ čərukməi,tʰenju soruθ,pojẽ ʈuk,ɖupɑ bomo,numei ɡupnɑ,niʈo čurɔnɑ,tʰuno ʃɘɹɘ-o,vok-pə-suko,wok-papɯ ɲʉha,nimza-toɹo-wa,kʰiŋkuɹə tʰoɹu: pʌ / atʰoɹu: kʰijuŋkɘpɘ,tʰɘɹok-pɘ azɘpeɹɘ,niʦɘ ʧəʃo saɹə,-,tɘ̀menɹɘ ʦɘɹo-gɘ,totími akʦuɣou,pasɘɹokpe hapuime,mɘ-iŋ-kʰe / nɘ-iŋ-kʰe / iŋ-kʰe,χi-nɘpa ɲim,-,-,-,-,pàti-sɘfi imɪm,mima ake-nana,-,-,-,agok pɘnu
Seventh boy,ʈu dʉnpa,butʃʰɑ dun,inikətʰluŋ nəpɑčɑ,tənətpùpɑ̀? təpuər/əsəŋor,milokoŋ kɘnɘt-nana,snɪt̪ʰɪ hʊɑšɑ,nupɑməčɑ tərətsubə,pəsəlnɑupə̃ŋɡ səɡɪ nəpɑ,məjɑrɑ kəšɪnɪ-pɑ,-,eboiroro tiĩŋoto,ɡɑn čənəiməi,tʰepʰu tʰenijeʋu,dun ʈu,dunpɑ nutʃɑ,pəsəl seɡi,foʈo čənninɑ,kʰɹesa tʰɘna-o,nɪt-pə-nəta,ɲət-papɯ paha-nʌɘ,nimpa-təɹə,tʰeŋiu:-pʌ tʰezaɹə,tʰɘŋe-pɘ atʰɘɹɘnunu,fəʦɘ seɲu,ʦɘɲe mɘlo,pope:nɹɘmi ʦɘnɘ-gɘ,apu akʦɘ̀ɲu,pasɘnapə ɹahaŋmɘ,kuɲəga gain-kɘn-ne,kənoi-bo hime-milubo,ome kanana / jame kanana,-,-,-,pàti-ɹoŋ mòɹò,milokoŋ kɘnɘt-nana,-,-,za zu:ma,anət pɘʧai
Eighth girl.,pɔmo ɡjɛpa,bomo ɡjət,təcətkətʰluŋ nəpuičɑ,ʈʰipùpɑ̀? tətčər,milo pɘni-nana,ɖɑɪnt̪ʰɪ hɪnǰɑʊ-šɑ,nupiməčɑ nipɑnsubə,numeɪnɑupə̃ŋɡ ɡɪet̪ʰ nənu,šɪnɑu kəčɪsət̪-pɑ,-,eleiroro tizɑoto,tunɑ təčətməi,tʰenju tʰɛtʰɑθ,ɡjət põ,ɡjɛpɑ bomo,numei ɡjet,niʈo čəččɑnɑ,ɹɘli tɘtʰa-o,tɪt-pə-suko,ʃət-papɯ ɲʉhanʌɘ,nimza-təze,lazaɹə kiu: pʌ /akiu:-pʌ lazaɹə,tɘʒaʔ-pɘ alipeɹɘnunu,niʦɘni tiʧeu,pɘʧe mɪɲio,lʉpe:nɹɘmi tɘʦe-gɘ,aŋa atàʧeu,haŋtʰɘsatʰɘlɘume,kuɲəmɘ mɘin-pin-ne,piɲɪ-bo hime-ɲim,omeɲi pinana / ɲijiɹ pinana,-,-,-,pàti-ɹala mimi,milo pɘni-nana,hɘju mia-a / dɘbo mia-a / hamju mia-a,-,jen maɲa,asət pɘɲa
,,,,,,,,,,,,,,,,,,,,,,,,,,,,,,,,,,,,,,,,
Fractions,,,,,,,,,,,,,,,,,,,,,,,,,,,,,,,,,,,,,,,,
I ate 1/2 of the Pizza.,pʰet,ŋəs pizze pʰet-po bəsəŋ kʰjɑrik žos,pizzɑ əi ətʰlɑŋkʰəi ŋəi nə šɑirək ne,niʰ pizzɑ ɟi təktʰeŋ ənnɑonuŋ kʰɑ əči,-,-,əy pɪzzɑ-du-ɡɪ təŋkʰɑy-əmə čɑ-re,ken pɪzzɑ sehnɪhsuosehkʰət̪ kənehɪ,ɪnə pɪzzɑ təŋkʰɑye šɑɪ-hɑɪrɑje,half- pʰjɛ/ pʰjət̪t̪e-tɪɡɛ,ə-nə pizzɑ či ečʰisɔ to-čʰo,-,ɑ: pɪzzɑ dʒɑkinɨjədʒɑpo čələte,ŋɑ pizzɑ pʰɛt so,ɲe fɛ/fɛkɑ pizzɑ žje-mən,kəimɑn pɪzzɑ ni-lɑ-kʰət kənne e,ɑi pizzɑ əddɑ kəlitorɛ,i zakɘnalɘ zapɘ pɪtza tive,tawa pitza taŋkəu hajaŋki,ɲəi pitza atʰa hapai,hi pitza kəʒila ʦatu,inə pitza aʧaŋʃo ʦuko,inɘ pɪtza ʧama ʦɘʔto,nen əno pitza hi teze kin̥i toʌda / nen əno pitza paɹ̥ə kele toʌda,ŋo pi:ʦə no apaizɘ hiɲa,ale pɪtza poŋpaha teláso,ino pitza saʤe kinilo lakʰi ʧu,i ɘŋgaŋ piza teulai / i piza ket maktona kɘna teulai,ŋo pitza takʧi guni dətkon,ŋo pitza péɲe-hokɘ péɹeme dɘto,ŋo pitza tɘɹtuonəm do-to,ŋa-me kʰaka pitza pe pʰaktak,ŋame muimage pitza hala,ke pitza tɘlaimo ʃake,ne kene dego eʧe pitza to:baga,-,-,ŋaɹə pitza məni vəŋ mansi pʰaktaŋ,ʤiŋ pitza koɹaŋ zalan,koi anitənpumɘʧa saʔu pitza / koi kəutɘm saʔu pitza
I ate 2/3 of the Pizza.,-,ŋəs pizze sum-jənɑ-nis-po žos,lɑirək əi səruk kʰəjum rəi səruk kʰəni ŋəi nə kəpɑrɑ ne,niʰ pizzɑ ɟi təktʰeŋ əʃəmnuŋənnɑ əči,-,-,əyə pɪzzɑ-du-ɡɪ səruk əhum tʰok-pəɡɪ səruk ənɪ čɑ-re,ken pɪzzɑ seht̪ʰuŋsuosehnɪ kənehɪ,-,-,ənə pizzɑ či ečʰi etʰəm lɔ ečʰi eni točʰo,-,ɑ: pɪzzɑ dʒɑsɛʰdʒɑkinɨje čələte,ŋɑ pizzɑ pʰɛt si pʰɛt so,-,kəimɑn tʰum-lɑ-ni pizzɑ kənne e,ɑi užje kossə leno užjə kəhɛ̃ pʰəko pizzɑ torɛ,i zasɘlɘ zakɘna pɪtza tive,-,ɲəi pitza ʃəŋʧəmkɘbɯ ʃəŋni hapai,hi pitza kəsukəʧe vənə kəsukəɲi ʦatu,inə ʧəŋ aɲəla asə:ŋoʃi həm ʦuko,-,nen əno pitza hi teze kəʦɘ ve kin̥i toʌda,-,ale pɪtza ʤɘnʃɘŋtɪho ʤɘnhuteláso,ino pitza saʤe kɘtʰɘlo kini ʧu,i piza kɘna kɘʦum teulai,ŋo pitza takʧilelik guni dətkon,ŋo pitza péɹihe-hokɘ péɲeme dɘto,ŋo pitza pu:m lokɘ puniənəm do-to,-,-,-,ne kala dego kene ke pitza to:baga,-,-,ŋaɹə pitza manɹom vəŋ mane pʰaktaŋ,ʤiŋi pitzaɲə kʰasam waɲumnəla kʰanikʦiŋ zalan,koi pitza aɹəm tɘnpa ani saʔu
I read 3/4 of the book.,-,ŋəs sobbi ižbi-jənɑ-sum-po sils,lɑirək əi səruk pʰəli rəi səruk kʰəjum ŋəi nə kəpɑrɑ ne,niʰ ibɑ kəkət čɪ təktʰəŋ pizzənuŋəʃim əzəm,-,-,əy laɪrɪk-tuɡɪ səruk məritʰokpəɡɪ səruk əhum-(dɪ) pɑ-re,ken hɪ lɑɪbu sehlɪhsɔseht̪ʰumb kɑ: kəsɪmkʰɪnt̪ɑhɪ,-,-,ənə kəko ʃi ečʰi meɹž lɔ ečʰi etʰəm kʰɑ-čʰo,-,ɑ: ləssə dʒɑdɨjedʒɑsɛʰ pʰuləte,ŋɑ kitɑb pʰɛt sɑ nɑ mɑ sil,-,kəimɑn li-lɑ-tʰum təbəŋ čile Kʰɑ kəsse me,ɑi užje pədde leno užje kossə pʰəko lɑirə-ne pʰrʋɑre,i lisida hi zadao ʃidi zasɘ: pʰive,-,ɲəi lai ʃəŋ əli kɘbɯ ʃəŋʧəm epʌi,hi lasi kəsu əmzɯ vənə kəʧe ʧetu,inə ʃəti məjəlʌ asə:ŋoʃi kʰiko,-,nen əno liʃi hi teze pɘti ve kəʦɘ pɹ̥əta,-,ale lèsɘ ʤɘnʃəŋ ʤɘnzitʰeʃo ʤɘnʃəŋ sɘ:láso,ino kaku saʤe bidilo kɘtʰɘ pʰi,i lusi kɘʦum maktona medai kʰialai,ŋo lɘɹpokum koɹɘm-om goni poɹiɹitkun,ŋo kitab ta:pe hokɘ ta:hihemi puɹitu,ŋo kitab dapi lokɘ dabuonəm puɹi-to,-,-,-,ne be:supa kitab puɹiba:ga,-,-,ŋaɹə manbɘli vəŋ manɹom kitab pʰataŋ,ʤiŋi peʧa kʰoɹɪaŋtʰuɹ-gin-kʰoɹɪaŋ lampan,koi la:e pɘʒi tɘm aɹəm keʔo
I read 1/4 of the book.,-,ŋəs sobbi ižbi-jənɑ-tʃitʃik-po sils,lɑirək əi səruk pʰəli rəi səruk kʰəe ŋəi nə kəpɑrɑ ne,niʰ  kəkət čɪ təktʰəŋ pizzənuŋkʰɑ əzəm,-,-,əy laɪrɪk-tuɡɪ səruk məritʰokpəɡɪ səruk əmə-(dɪ) pɑ-re/əy lɑirɪk-tuɡɪ məsuŋ əhum-dɪ pɑre,ken hɪ lɑɪbu sehlɪsɔsehkʰət̪ kɑ: kəsɪmkʰɪnt̪ɑhɪ,ɪnə lɑirɪk təŋkʰɑyelɑŋd̪ə pɑ-həɪrəje,-,ənə kəko ʃi ečʰi meɹž lɔ ečʰi kʰɑ-čʰo,-,ɑ: ləssə dʒɑdɨjedɑpo pʰuləte,ŋɑ di kitɑb se žiʋɑ bʰɑɡ sil,-,kəimɑn li-lɑ-kʰət təbəŋ čile Kʰɑ kəsse me,ɑi užje pədde leno užje kəli pʰəko lɑirə-ne pʰrʋɑre,i lisida hìhì zada:dɘlɘ zapɘ pʰive,-,ɲəi lai puwa hɯk epʌi,hi lasi kəsu əmzɯ vənə kəsɯ ʧetu,inə ʃəti məjəlʌ kʰətuʃi kʰiko,-,nen əno liʃi hi teze pɘti ve kele pɹ̥əta,-,ale lèsɘ ʤɘnzitʰeʃo ʤɘme sɘ:láso,ino kaku saʤe bidilo lakʰi pʰi,i peset medai lusi kʰialai,ŋo lɘɹpokum koɹəm-kin goni poɹiɹitkun,ŋo kitab ta:pe hokɘ ta:hemi puɹitu,ŋo kitab dapi lokɘ dakenko puɹi-to,-,-,-,-,-,-,ŋaɹə kitab manbɘle vəŋ mansi pʰataŋ,ʤiŋi peʧa kʰoɹɪaŋinkʰoɹɪaŋʧaŋmə lampan,loi la:e pɘʒi tɘm ʧa keʔo
I ate 1/5 of the Pizza.,-,ŋəs pizze Gɑ-jənɑ-tʃitʃik-po  žos,pizzɑ əi səruk pʰŋɑ rəi səruk kʰəe ŋəi nə šɑirək ne,niʰ pizzɑ ɟi təktʰeŋ puŋonuŋkʰ əči,-,-,əyə pɪzzɑ-du-ɡɪ səruk məŋɑ tʰok-pəɡɪ səruk əmə čɑ-re,ken pɪzzɑ sehnɑ̃ŋɡsuosehkʰət̪ kənehɪ,-,-,ənə pizzɑ či ečʰi moŋo lɔ ečʰi  točʰo,-,ɑ: pɪzzɑ dʒɑpeŋudʒɑpo pɪzzɑ čələte,ŋɑ pizzɑ se ŋəʋɑ̃ bʰɑɡ so,-,kəimɑn ŋɑ-lɑ-kʰət pizzɑ kənne e,ɑi užje poŋo leno užjə kəli pʰəko pizzɑ torɛ,i pɪtza hìhì zapuŋu dolɘ zapɘ tive,-,ɲəi pitza ʃəŋakɘbɯ ʃəŋhɯk hapʌi,hi pitza kasu məŋa vənə kəsɯ ʦatʰu,inə ʧəŋ məŋalʌ ʧəŋ kʰətu həm ʦuko,-,nen əno pitza hi teze puŋu ve teze kele toʌda,-,ale pɪtza ʤɘnpfɘtʰeʃo ʤɘme teláso,ino pitza saʤe puŋulo lakʰi ʧu,i piza pɘset miɲʉ teulai,ŋo pitza koɹəm pɘʧap ʧamŋune ŋəm dɘtkun,ŋo pitza péŋoikɘ péɹemi dɘto,ŋo pitza aŋo lokɘ akengo do-to,-,-,-,ne ple dego eʧe pitza dɘm to:baga,-,-,ŋaɹə pitza manmaŋa wəŋ mansi pʰaktaŋ,kʰaŋagə ɲumpugə pitza kʰaŋagəɲupu kʰatʰuŋə ʤiŋi hapən,koi pitza aɲa tɘn ʧa saʔu
I read 2/7 of the book.,-,ŋəs sobbi dun-jənɑ-nis-po sils,lɑirək əi səruk  ini rəi səruk kʰəni ŋəi nə kəpɑrɑ ne,niʰ kəkət čɪ təktʰəŋ tenətnuŋənnɑ əzəm,-,-,əy laɪrɪk-tuɡɪ səruk tərət tʰokpəɡɪ səruk əni-(dɪ) pɑ-re,ken hɪ lɑɪbu sehsəɡɪsosehnɪ: kɑ: kəsɪmkʰɪnt̪ɑhɪ,-,-,ənə kəko ʃi ečʰi tiĩŋ lɔ ečʰi eni kʰɑ-čʰo,-,ɑ: ləssə dʒɑtʰenijedənudʒɑkenɨje pʰuləte,-,-,kəimɑn səɡi-lɑ-ni təbəŋ čile Kʰɑ kəsse me,ɑi užje čənni leno užje kəhɛ̃ pʰəko lɑirə-ne pʰrʋɑre,i lisida hì zatʰɘnalɘ zakɘna pʰive,-,ɲəi lai ʃəŋ ɲətkɘbɯ ʃəŋɲi epʌi,hi lasi kəsu təɹə vənə kəɲi ʧetu,inə ʃəti tʰəŋilʌ ʧəŋ aɲu:ʃi kʰiko,-,nen əno liʃi hi teze seni ve teze kin̥i pɹ̥əta,-,ale lèsɘ ʤɘnʦɘtʰeʃo ʤɘhu sɘ:láso,ino kaku saʤe ʦɘ̀nilo kini pʰi,i lusi kɘna maktona sɘna kʰialai,ŋo lɘɹpokum takʧile-kɘn neham ɹitkun,ŋo kitab takənoihokɘ tanìmì puɹitu,ŋo kitab aɹapkan lokɘ danigo puɹit-to,-,-,-,-,-,-,ŋaɹə kitab mansɘnət vəŋ mane pʰataŋ,,koi la:e anət tɘnmo ani keʔo
I read 3/7 of the book.,-,ŋəs sobbi dun-jənɑ-sum-po sils,lɑirək əi səruk  ini rəi səruk kʰəjum ŋəi nə kəpɑrɑ ne,niʰ ibɑ kəkət čɪ təktʰəŋ tənətnuŋəʃəm əzəm,-,-,əy laɪrɪk-tuɡɪ səruk tərət tʰokpəɡɪ səruk əhum-(dɪ) pɑ-re,ken hɪ lɑɪbu sehɡuksosehnɪ: kɑ: kəsɪmkʰɪnt̪ɑhɪ,-,-,ənə kəko ʃi ečʰi tiĩŋ lɔ ečʰi etʰəm kʰɑ-čʰo,-,ɑ: ləssə dʒɑtʰenijedənudʒɑsɛʰ  pʰuləte,-,-,kəimɑn səɡi-lɑ-tʰum təbəŋ čile Kʰɑ kəsse me,ɑi užje čənni leno užje kossə pʰəko lɑirə-ne pʰrʋɑre,i lisida hi zatʰɘnaulɘ zasɘ: pʰive,-,ɲəi lai ʃəŋ ɲətkɘbɯ ʃəŋʧəm epʌi,hi lasi kəsu təɹə vənə kəʧe ʧetu,inə ʃəti tʰəŋilʌ ʧəŋ asə:ŋoʃi kʰiko,-,-,-,ale lèsɘ ʤɘnʦəŋɘtʰeʃo ʤɘnʃəŋ sɘ:láso,ino kaku saʤe ʦɘ̀nìlo kɘtʰɘ pʰi,i lusi kɘʦum maktona sɘna kʰialai,ŋo lɘɹpokum takʧile-kɘn neham ɹitkun,ŋo kitab takənoihokɘ ta:hihemi puɹitu,ŋo kitab aɹapkan lokɘ dabuŋgo puɹit-to,-,-,-,-,-,-,-,-,koi la:e anət tɘnmo aɹəm keʔo
I read 3/5 of the book.,-,ŋəs sobbi Gɑ-jənɑ-sum-po sils,lɑirək əi səruk pʰŋɑ ini rəi səruk kʰəjum ŋəi nə kəpɑrɑ ne,niʰ ibɑ kəkət čɪ təktʰəŋ puŋonuŋəʃəm əzəm,-,-,əy laɪrɪk-tuɡɪ səruk  məŋɑ tʰokpəɡɪ səruk əhum-(dɪ) pɑ-re,ken hɪ lɑɪbu sehnɑ̃ŋɡsoseht̪ʰum kɑ: kəsɪmkʰɪnt̪ɑhɪ,-,-,ənə kəko ʃi ečʰi moŋo lɔ ečʰi etʰəm kʰɑ-čʰo,-,ɑ: ləssə dʒɑpeŋudənodʒɑsɛʰ  pʰuləte,-,-,kəimɑn ŋɑ-lɑ-tʰum təbəŋ čile Kʰɑ kəsse me,ɑi užje puŋo leno užje kossə pʰəko lɑirə-ne pʰrʋɑre,i lisida hi zapuŋu:lɘ zasɘ pʰive,-,ɲəi lai ʃəŋ ŋakɘbɯ ʃəŋʧəm epʌi,-,inə ʃəti məŋalʌ ʧəŋ asə:ŋoʃi kʰiko,-,nen əno liʃi hi teze puŋu ve teze kəʦɘ pɹ̥əta,-,ale lèsɘ ʤɘnpfɘŋtʰeʃo ʤɘnʃəŋ sɘ:láso,ino kaku saʤe puŋulo kɘtʰɘ pʰi,i lusi kɘʦum maktona miɲʉ kʰialai,ŋo lɘɹpokum takʧilelelik-ŋo goni ɹitkun,ŋo kitab taŋokɘ ta:hihemi puɹitu,ŋo kitab daŋo lokɘ dabuŋgo puɹi-to,-,-,-,-,-,-,ŋaɹə kitab manbaŋa vəŋ manɹom pʰataŋ,,koi aɲa tɘnmo aɹəm keʔo
I  ate 2/6 of the Pizza.,-,ŋəs pizze ʈuɡ-jənɑ-nis-po žos,pizzɑ əi səruk tʰəruk rəi səruk kʰəni ŋəi nə šɑirək ne,niʰ pizzɑ ɟi təktʰeŋ ʈʰruknuŋənnɑ əči,-,-,əyə pɪzzɑ-du-ɡɪ səruk təruk tʰok-pəɡɪ səruk əni čɑ-re,ken pɪzzɑ sehɡuɡsosehnɪ: kənehɪ,-,-,ənə pizzɑ či ečʰi tirokʰ lɔ ečʰi eni točʰo,-,ɑ: pɪzzɑ dʒɑsɔrudənudʒɑkenɨje čələte,-,-,kəimɑn ɡup-lɑ-ni pizzɑ kənne e,ɑi užje čurɔ leno užjə kəhɛ̃ pʰəko pizzɑ torɛ,i pɪtza hìhì zaʃɘɹɘ dilɘ zakɘna tive,-,ɲəi lai ʃəŋ ŋai pitza ʃəŋ wok kɘbɯ ʃəŋɲi hapai,hinə pitza kəsu toɹovə kəɲi ʦatu,inə həm ʧəŋ tʰoɹulʌ aɲu:ʃi ʦuko,-,nen əno pitza hi  teze saɹə ve teze kin̥i toʌda,-,ale pɪtza ʤɘnʦɘɹotʰeʃo ʤɘnhu teláso,ino pitza saʤe ʦuɣolo kini pʰi,i piza kɘna maktona sɘɹok teulai,ŋo pitza taʧi-le-kʰe goni dɘtkun,ŋo pitza péhehokɘ pénime dɘto,ŋo pitza akɘ lokɘ anigo do-to,-,-,-,sɘfi dego kene-ge pitza dɘm to:baga,-,-,ŋaɹə pitza mankoɹok vəŋ mane pʰaktaŋ,,koi pitza agok tɘnmo ani saʔu
I ate 1/16 of thr pizza.,-,ŋəs sobbi tʃurɡ-jənɑ-tʃik-po sils,pizzɑ əi səruk cipləitʰəruk rəi səruk kʰəe ŋəi nə šɑirək ne,niʰ pizzɑ ɟi təktʰeŋ tʰəʈʰruknuŋkʰɑ əči,-,-,əyə pɪzzɑ-du-ɡɪ səruk tərɑ təruk tʰok-pəɡɪ səruk əmə čɑ-re,ken pɪzzɑ sehšɔmleɪɡuɡsosehkʰət̪ kənehɪ,-,-,ənə pizzɑ či ečʰi tɑro tirokʰ lɔ ečʰi točʰo,-,ɑ: pɪzzɑ dʒɑkɛrəsɔrudənudʒɑpo čələte,-,-,kəimɑn somləɡup-lɑ-kʰət pizzɑ kənne e,ɑi užje kjɑčɔro leno užjə kəli pʰəko pizzɑ torɛ,i pɪtza hìhì zakɘɹiʃɘɹɘ dile zapə tive,-,ɲəi pitza ʃəŋ ənpɘwok kɘbɯ hɯk hapai,hinə pitza kəsu təɹatoɹovə kəsɯ ʦatu,inə həm tʰeɹetʰoɹulʌ ʧaŋkʰətu ʦuko,-,nen əno pitza hi teze ʧaɹəsaɹə ve teze kele toʌda,-,ale pɪtza ʤɘnʦɘɹɘo:ʦɘɹo:kaʤɘme teláso,ino pitza saʤe ʧiɣɘ-ʦuɣolo lakʰi ʧu,i piza kɘɹɘu-sɘɹok laŋ teulai,ŋo pitza taʧi-le-ɹiŋ-le-kʰe goni dɘtkun,ŋo pitza péliaŋ-la-péχe hokɘ péɹeme dɘto,ŋo pitza boɹɘgoboɹ lokɘ akengo do-to,-,-,-,fala-lə-sɘfi dego eʧe pitza dɘm to:baga,-,-,ŋaɹə pitza manʧe-ɹa-koɹok vəŋ mansi pʰaktaŋ,,koi pitza ba:n-ba-gok tɘnmo ʧa saʔo
I read 1/10 part of the book.,-,ŋəs sobbi tʃu-jənɑ-tʃiʃik/po-tʃik sils,lɑirək əi səruk cipkʰəe rəi səruk kʰəe ŋəi nə kəpɑrɑ ne,niʰ ibɑ kəkət čɪ təktʰəŋ tʰərnuŋkʰɑ əzəm,-,-,əy laɪrɪk-tuɡɪ səruk  tərɑ tʰokpəɡɪ səruk əmə-(dɪ) pɑ-re,ken hɪ lɑɪbu sehšɔmsosehkʰət̪ kɑ: kəsɪmkʰɪnt̪ɑhɪ,čɪ šəruk tʰərɑʋɪlɪ əkʰə pɑ-həɪrəjə,-,ənə kəko ʃi ečʰi tɑro lɔ ečʰi kʰɑ-čʰo,-,ɑ: pɪzzɑ dʒɑkɛrəsɔrudənudʒɑpo čələte,-,-,kəimɑn som-lɑ-kʰət təbəŋ čile Kʰɑ kəsse me,ɑi užje kjɑ leno užje kəli pʰəko lɑirə-ne pʰrʋɑre,i lisida hìhì zakɘɹiʧidilɘ zapɘ pʰive,tawa pənpʰuŋ məpu pən lai enəŋ,ɲəi lai ʃəŋ ən kɘbɯ ʃəŋ hɯk epʌi,hinə lasi maɲo təɹakevə kəsɯ ʧetu,inə ʃəti tʰeɹelʌ ʧaŋkʰətu kʰiko,inɘ hahɘm tʰɘɹɘʧiŋʃɪʧʌmkʰɘlaŋ keto,nen əno liʃi dahi teze ʧaɹə ve teze kele pɹ̥əta,-,ale lèsɘ ʤɘnʦɘɹɘkaʤɘme sɘ:láso,ino kaku saʤe ʧiɣəlo lakʰi pʰi,i lusi kɘɹɘu laŋ kʰialai,ŋo lɘɹpokum taʧi-ɹiŋ-kɘɹ goni ɹitkun,ŋo kitab taliaŋ hokɘ taime puɹitu,ŋo kitab dabɹi lokɘ dabken puɹi-to,-,-,-,-,-,-,ŋaɹə kitab manʧe vəŋ mansi pʰataŋ,,koi la:e ba:n tɘnmo ʧa keʔo
,,,,,,,,,,,,,,,,,,,,,,,,,,,,,,,,,,,,,,,,
Multipliatives,,,,,,,,,,,,,,,,,,,,,,,,,,,,,,,,,,,,,,,,
I met him once.,ŋã kʰola lən-tʃik ʈʰuk-čə,ŋɑ kʰonɑ/kʰʋɑ ʃer-tʃik tʰukpin,ŋəi ɑti kʰəipək čɑkɔru-rɑ,ni pɑ-kʰən əčuro,wo bɘm lɘ-ko kaɹɪsuto,ɑ:ŋɡ be kʰəʊ ləɡəmənɖəŋɡmən kʰebše,əɪ mɑ-ɡə əmuk u-nəkʰre,kəɪ əmɑ pɑ:t̪oh kʰət̪ʋeɪ kəkɪmu hɪ,ɪ: məjɑrə pɑčlɪ əkʰəšɪ səmpʰəŋ həɪrəɪ,ɡe kʊ t̪e tɪččo čʰɪkəǰɛ,ə-nɑ ompo ečʰuŋ-kʰɑ dukčʰo,kətɑ sɔrju-ləu liəŋ ɡʋət tʰe,ɑ ʋɑpoʋo puo kese,ŋɑ henjolɑ tʰeməčik tʰok,ɲɑ̃ kʰojəm po ləntʰɑ-čI tʰu-mən,keimɑ əmɑpɑ  kʰət-ʋəi kə mukʰɑe,ɑi fʋi žuʋə-kəli kədjɑ rɛ,i uzɘ va-pɘo kɘsɘ,tawa ipʰəi ʧa:-me haujaŋki,ɲəi pɘpa ʧə̀m mun poŋpʌi,hi kəsɯkeɹe əmtutʰu,inə apikʰəŋ kʰətupitu ʃiɹuku / inə kʰətpi apì ʃiruko,inɘ aɲɪʔpu kʰɘlaŋ-kɪ ʃoɹoto,ne əmva-kele puve kəʦɘ,e apɘko tiam wawiɲa,ale átɘ̀nəŋ gwánláso / gwànwà átɘnəŋ áso,ino pasasɘ χotʰu lakʰi kuʃolu,i lu-ket puʦu daulai,ŋo mɘəm lɘ-kin-ʧaŋgo patɘpa,ŋo momi ɹomi kapato,ŋo mɘ lɘ-ken kaɹɘhito,ŋa əte dəmnəŋ dəp-tʰɘ ʧumin-tʰek,ŋame aja bɘ-ge ʧaɹogəla,ke an we sa wi boi-mu pɹutke,ne tim ta:m-gebe paiɹede,wo bɘm lɘ-ko kaɹɪsuto,ha ʧa bɘge tɹuja / ha ʧa bɘge tɘɹudɘbo,ŋa pima ʤa-tək ɹəhəmtəŋ / ŋa pima jak-si ɹɘhəmtəŋ,ʤaŋ dangə koɹ-tʰuɹ luŋʃi,koi kəpa ʧamʧam poŋga
I met him twice.,ŋã kʰola lənnɨ ʈʰuk-čə,ŋɑ kʰonɑ tʃʰerpɑ nis tʰukpin,ŋəi ɑti kʰənnoi čɑkɔru-rɑ,ni pɑ ənnɑ-ben/pùpɑ̀? əčuro,wo bɘm lɘ-niko kaɹɪsuto,ɑ:ŋɡ be kʰəʊ ləɡəmənɖəŋɡmən kʰebnəɪ,əɪ mɑ-ɡə ənirək u-nəkʰre,kəɪ əmɑ pɑ:t̪oh nɪ:hʋeɪ kəkɪmu hɪ,ɪ: məjɑrə pɑčlɪ kʰənɪšɪ səmpʰəŋ həɪrəɪ,ɡe kʊ t̪e niččo čʰɪkəǰɛ,ənɑ ompo ečʰuŋini dukčʰo,kətɑ sɔrju-ləu liəŋ kənəi tʰe,ɑ ʋɑkenɨje puo/poze kese,ŋɑ henjolɑ tʰeməni tʰok,ɲɑ̃ kʰojəm po ləntʰɑ-ɲi tʰumən,keimɑ əmɑpɑ ni-ʋəi kə mukʰɑe,ɑi fʋi žuʋə-kəhɛ̃ kədjɑ rɛ,i uzɘ va-kɘnao kɘsɘve,tawa ipʰəi ɲi:-me haujaŋki,ɲəi pɘpa ɲi-pa mun poŋpʌi,hinə kinkeɹe əmtutʰu,inə apikʰəŋ aɲə-pi ʃiɹuku / inə aɲə-pi apì ʃiɹuko,inɘ aɲɪʔpu maʔɲɪ-kɪ ʃoɹoto,ne əmve-kin̬i puve kəʦɘ,e apɘko mɘ-tiam wawiɲa,ale átə̀nəŋ gwànhugenáso,ino pasasɘ χotʰu kini kuʃolu,i puʦu lu-na daulai,ŋo mɘəm lɘ-ni-ʧaŋgo patɘpa,ŋo momi ɹo-nɪ kapato,ŋo mɘ lɘ-ni kaɹɘhito,ŋa əte dəmnəŋ dəp-ni ʧumin-tʰek,ŋame aja ʧaɹogəla bɘ-ni la,ke an we sa wi boi-kɘ pɹutke,ne tim ta:m-kene-gebe paiɹede,wo bɘm lɘ-niko kaɹɪsuto,ha ʧa bɘ-kʌiŋ tɘɹudɘbo,ŋa əpema ʤa-ne ɹəhəmtəŋ /ŋa apema lap-ne ɹəhəmtəŋ,ʤaŋ dangə koɹ-nikʦiŋ luŋʃi,koi kəpa anim poŋga
I met him thrice.,ŋã kʰola lənsum ʈʰuk-čə,ŋɑ kʰonɑ tʃʰerpɑ sum tʰukpin,ŋəi ɑti kʰəjumoi čɑkɔru-rɑ,ni pɑ əʃəm-ben pùpɑ̀? əčuro,wo bəm lɘ-ŋumko kaɹɪsuto,ɑ:ŋɡ be kʰəʊ ləɡəmənɖəŋɡmən kʰebʈʰəm,əɪ mɑ-ɡə əhumlək u-nəkʰre,kəɪ əmɑ pɑ:t̪oh lɪ:ʋeɪ kəkɪmu hɪ,ɪ: məjɑrə pɑčlɪ kət̪ʰumšɪ səmpʰəŋ həɪrəɪ,ɡe kʊ t̪e sɯmčo čʰɪkəǰɛ,ənɑ ompo ečʰuŋ etʰəm dukčʰo,kətɑ sɔrju-ləu liəŋ kətʰum tʰe,ɑ ʋɑsɛʰ poze kese,ŋɑ henjolɑ tʰeməsum tʰok,ɲɑ̃ kʰojəm po ləntʰɑ-sum tʰumən,keimɑ əmɑpɑ tʰum-ʋəi kə mukʰɑe,ɑi fʋi žuʋə-kossə kədjɑ rɛ,i uzɘ va-sɘo kɘsɘve,tawa ipʰəi li-me haujaŋki,ɲəi pɘpa ʧə̀m-pa mun poŋpʌi,hinə kəʧekeɹe əmtutʰu,inə apikʰəŋ asəŋ-pitaʃi ʃiɹuku / inə asəŋ-pi apì ʃiɹuko,inɘ aɲɪʔpu maʔsam-kɪ ʃoɹoto,ne əmve-kəʦɘ puve kəʦɘ,e apɘko səm-tiam wawiɲa,ale àtə̀nɘŋ gwànʧəŋgenáso,ino pasasɘ χotʰu kɘtʰɘ kuʃolu,i puʦu lu-ʦum daulai,ŋo mɘəm lɘ-om-ʧaŋgo patɘktɘn,ŋo momi ɹo-hi: kapato,ŋo mɘ lɘ-om kaɹɘhito,ŋa əte dəmnəŋ dəp-ɹəm ʧumin-tʰek,ŋame aja ʧaɹogəla bɘ-sola,ke an we sa wi boi-kəsəm pɹutke,ne tim ta:m-kala-gebe paiɹede,wo bəm lɘ-ŋumko kaɹɪsuto,ha ʧa bɘ-kasəŋ tɘɹudɘbo,ŋa pima ʤa-ɹom ɹəhəmtəŋ,ʤaŋ dangə koɹ-sam luŋʃi,koi kəpa aɹəm poŋga
I met him forth time.,ŋã kʰola lənčik ʈʰuk-čə,ŋɑ kʰonɑ tʃʰerpɑ ižbi tʰukpin,ŋəi ɑti pʰəlioi kətʰluŋ nə čɑkɔru-rɑ,ni pɑ pizzə-ben pùpɑ̀? əčuro,ŋo bɘm lɘ-mpinanɘ kaɹɪsuto,ɑ:ŋɡ be kʰəʊ ləɡəmənɖəŋɡmən brəɪh bɑr,əɪ mɑ-ɡə mərirək u-nəkʰre,kəɪ əmɑ pɑ:t̪oh nɡɑ̃ʋeɪ kəkɪmu hɪ,ɪ: məjɑrə pɑčlɪ mət̪ɪšɪ səmpʰəŋ həɪrəɪ,ɡe kʊ t̪e pičo čʰɪkəǰɛ,ənɑ ompo ečʰuŋ meɹžoto dukčʰo,kətɑ sɔrju-ləu liəŋ pədəi tʰe,ɑ ʋɑkenɨje poze kese,ŋɑ henjolɑ tʰeməži tʰok,ɲɑ̃ kʰojəm po ləntʰɑ-ži tʰumən,keimɑ əmɑpɑ hi li-ʋəi kə mukʰɑe,ɑi fʋi žuʋə-pədde kədjɑ rɛ,i uzɘ va-dao kɘsɘve,tawa ipʰəi pəlipə-me haujaŋki,ɲəi pɘpa əli-papɘ poŋpʌi,hinə mavə əmzɯ keɹə əmtutʰu,inə apikʰəŋ məjə-pətaʃi ʃiɹuku / inə məjə-pi apì ʃiɹuko,inɘ aɲɪʔpu pʰɘŋɪ-kɪ ʃoɹoto,ne əmva-pɘti puve kəʦɘ,e apɘko pɘle-tiam wawiɲa,ale átɘ̀nəŋ gwànzigenáso,ino pasasɘ χotʰu bidi kuʃolu,i puʦu lu-medai daulai,ŋo mɘəm lɘ-pi-dɘp patɘktɘn,ŋo momi ɹom-pe kapato,ŋo mɘ lɘ-pi kaɹɘhito,ŋa əte dəmnəŋ dəp-pɘli-ɹa ʧumin-tʰek,ŋame aja ʧaɹogəla bɘ-pila,ke an we sa wi boi-kɘmɹɘn pɹutke,ne tim ta:m-kople-gebe paiɹede,ŋo bɘm lɘ-mpinanɘ kaɹɪsuto,ha ʧa bɘ-kapɹe tɘɹudɘbo,ŋa pima ʤa-bɘləi ɹəhəmtəŋ,ʤaŋ dangə koɹ-pʰi luŋʃi,koi kəpa pɘʒi-pa poŋga
I called her nine times.,ŋã kʰola fɛra-ɡu kə ɡiʋen,ŋɑ kʰʋɑ tʃʰerpɑ rɡu/ɡu ɡustəbs,ŋət ɑti təkukəoi kəoŋ,ni lɑʰ/pɑ  tʰukupən əčɑ,ŋo bɘm konaŋ kopɘtòmto,ɑ:ŋɡ bekʰəʊ ɡʊ bɑr leŋɡhor-dəŋɡmən,əɪ-nə mɑ-bu mɑpənlək kəw-kʰre,kɪ:nn əmɑ:nu kuoʋeh kəsəm hɪ,šɪnɑu pɑčlɪ čɪkošɪ-t̪ə hohə-ɪre,ɡɪ-ǰɛ ko/kʊ ɡʊɪčo kɔl ɡɑlɡəǰɛ,ənɑ ompo ečʰuŋ topʰʋəoto tɑčʰʋo,kətɑ ɑi kɑo-liəŋ čəkju tʰe,ɑ ʋɑtʰeθ puo kjəsə,ŋɑ hejlɑ tʰemɑɡu fon čɑ,ɲẽ kʰolə ləntʰɑ-ɡu kɛɡjəb-mən,keimɑn əmɑnu ko-ʋəi kə-kɔʋe,ɑi fʋi žuʋə-čiko kʋrɛ,i va-tʰɘʧi uʧive,tawa ite tupa-me ɲakjaŋki,ɲəi pɘpa ʃʉ-pa ɲəkpʌi,hinə mavə toku keɹe ʧi,inə apikjəkʰə təku-pətaʃi ʦiko / inə təku-pi apike ʦɘʧo,inɘ aɲɪʔpe tuku-kɪ ʧito,ne əmva-tɘkfɘ puve koda,ŋo apɘta lɘkau-tiam ʧuaɲa,ale áko gwàntəkwégenáso,ino χotʰu toku paku,i puʦu lu-sɘkui kulai,ŋo mɘɲi lɘ-kʰja-dɘp goktɘgon,ŋo momi ɹom-kua-hepa gioto,ŋo mɘm ke-ŋə goɹbɘ gok-to,ŋa-me ətenəŋ dəp-kʰu-ɹa ɹo-tak,ŋame a ɹai bɘ-kʰinia,ke wən kɘ me sa wi boi-nətmo muŋ-ke,ne tim ta:m-gaje tomede,ŋo bɘm konaŋ kopɘtòmto,ha ʧa bɘ-kəɲəŋ əmaidɘbo,ŋa pima ləp-tɘko kʰoktəŋ / ŋa pima ʤa-tɘko kʰoktəŋ,ʤiŋ dangə koɹ-gu ɹəlan,koi kɘu aku mɘba:to
I called him twenty five times.,ŋã kʰola fɛra-nɨʃuɛŋã kə ɡiʋen,ŋɑ kʰonɑ tʃʰerpɑ niʃusɔŋɑ ɡustəbs,ŋət ɑti somniləipʰəŋɑoi kəoŋ,ni lɑʰ/pɑ  mɛtdʒərpuŋoben əčɑ,ŋo bɘm ɘiŋani-kolaŋ-pilo kopɘtòmto,ɑ:ŋɡ bekʰəʊ nəɪžɪ:bɑ: bɑr leŋɡhor-dəŋɡmən,əɪ-nə mɑ-bu kunməŋɑ-rək kəw-kʰre,kɪ:nn əmɑ:nu šɔmnɪ:hlenɡɑ̃ʋeh kəsəm hɪ,šɪnɑu pɑčlɪ məɡət̪əpʰənɡɑšɪt̪ə hohə-ɪre,ɡɪ-ǰɛ ko/kʊ nʰəssɑ ŋəɪčo kɔl ɡɑlɡəǰɛ,ənɑ ompo ečʰuŋ mikʰjə moŋo oto tɑčʰʋo,kətɑ ɑi kɑo-liəŋ čʋipəŋu tʰe,ɑ ʋɑmeθpeŋu puo kjəsə,-,ɲẽ kʰolə ləntʰɑ-ɲiʃusɑɲɑ̃ kɛɡjəb-mən,keimɑn əmɑpɑ somniləŋɑ-ʋəi kə-kɔʋe,ɑi fʋi žuʋə-məkkɛpuŋo kʋrɛ,i va-mɘʧɪo-puŋu uʧive,tawa ite tapəŋa-me ɲakjaŋki,ɲəi pɘpakɘ hapɘŋa-pa ɲəkpʌi,hinə mavə ənkenməŋa keɹe ʧi,inə apikʰəŋ məkjə-pə-məŋa-taʃi ʦiko / inə məkjə-pə-məŋa-pi apì ʦɘʧo,inɘ aɲɪʔpu mukukjakpʰɘŋɘ-kɪ ʧito,ne əmva-məʧipuŋu puve koda,ŋo apɘta kʰe-kɘ-muŋu-tiam ʧuaɲa,ale áko gwànkɪpfɘ ʧekenáso / gwànkɪpfɘ ʧeke ákolaso,ino χotʰu muku-puŋu paku,i puʦu lu-kai-miɲʉ kulai,ŋo mɘɲi lɘ-ʧamni-le-ŋo-dɘp goktɘgon,ŋo momi ɹo-niχəe-la-jaŋoi gioto,ŋo mɘ ʧami-ŋo gok-to,ŋa-me ətenəŋ ɹokni-də-paŋa-ɹa ɹo-tak,ŋame aja bɘ-aniɹ̥u-maŋa ɹaila,ke an we sa wi boi-kɘtaumo-kɘlen muŋ-ke,ne tim ta:m-nifa-jali-ple-ge tomede,ŋo bɘm ɘiŋani-kolaŋ-pilo kopɘtòmto,ha ʧa bɘ-kaheləŋ-maŋa əmaidɘbo,ŋa pima kʰu-ɹa-baŋa-lə kʰoktəŋ,-,koi kəpa ta: -ba-aɲa mɘba:to
I called her fifteen times.,ŋã kʰola fɛra-tʃʋeŋã kə ɡiʋen,ŋɑ kʰonɑ tʃʰerpɑ tʃoGɑ ɡustəbs,ŋət ɑti čipləipʰəŋɑoi kəoŋ,ni lɑʰ pɑ tʰərpuŋoben əčɑ,ŋo bɘm ɘiŋ-kolaŋ-lɘm-ŋoko tòmto,ɑ:ŋɡ bekʰəʊ žɪ:bɑ: bɑr leŋɡhor-dəŋɡmən,əɪ-nə mɑ-bu tərɑməŋɑ-rək kəw-kʰre,kɪ:nn əmɑ:nu šɔmlenɡɑ̃ʋeh kəsəm hɪ,šɪnɑu pɑčlɪ t̪ʰərɑt̪əpʰənɡɑšɪt̪ə hohə-ɪre,ɡɪ-ǰɛ ko/kʊ čʲəbəŋčo kɔl ɡɑlɡəǰɛ,ənɑ ompo ečʰuŋ tɑro moŋo oto tɑčʰʋo,kətɑ ɑi kɑo-liəŋ rupəŋu tʰe,ɑ ʋɑkɛrpeŋu puo-kjəsə,ŋɑ hejlɑ tʰemɑčɑŋɑ fon čɑ,ɲẽ kʰolə ləntʰɑ-čoɲɑ̃ kɛɡjəb-mən,keimɑn əmɑnu somləŋɑ-ʋəi kə-kɔʋe,ɑi fʋi žuʋə-kjɑpuŋo kʋrɛ,i va-kɘɹi-puŋu uʧive,tawa ite pənpɘŋa-me ɲakjaŋki,ɲəi pəɲikɘ ənpɘŋa-pa ɲəkpʌi,hinə mavə təɹaməŋa keɹe ʧi,inə apikjəkʰə tʰəɹə-məŋa-taʃi ʦikoʦ / inə tʰəɹe-məŋa-pi apìke ʦɪko,inɘ aɲɪʔpe tʰɘɹɘkjakpʰɘŋɘ-kɪ ʧito,ne əmve-ʧaɹəpuŋu puve koda,ŋo apɘta ʦe-kɘ-muŋu-tiam ʧuaɲa,ale áko gwànʦɘɹɘpfɘ ʧekenáso / ale ʦɘɹɘpfɘ ʧeke ákolaso,ino χotʰu ʧiɣi-puŋu paku,i puʦu lu-kɘɹeu-miɲʉ kulai,ŋo mɘɲi lɘ-ɹiŋ-le-ŋu goktɘgon,ŋo momi ɹo-liaŋhe-la-jaŋoi-hepa gioto,ŋo mɘm lɘɹɘ-gola-lɘ-ŋo gok-to,ŋa-me ətenəŋ aʧi-də-paŋa-ɹa ɹo-tak,ŋame aja bɘ-ho-ma ɹaila,ke wən kɘ me sa wi boi-kepmo-kɘlen muŋ-ke,ne tim ta:m-fala-jali-ple-ge tomede,ŋo bɘm ɘiŋ-kolaŋ-lɘm-ŋoko tòmto,ha ʧa bɘ-halɘ-maŋa əmaidɘbo,ŋa pima ʧe-ɹa-baŋa-lə kʰoktəŋ,ʤiŋ dangə koɹ-soŋ-ŋa ɹəlan,koi kɘu ba:n-ba-aɲa mɘba:to
,,,,,,,,,,,,,,,,,,,,,,,,,,,,,,,,,,,,,,,,
Restrictives,,,,,,,,,,,,,,,,,,,,,,,,,,,,,,,,,,,,,,,,
Only/ One,-,tʃik-tʃik tʃɑ,kʰət kʰəe pək,kʰɑ təŋ,si atəl / atəl,mən še lɔ,əmə kʰəktɑ,-,əkʰə mɑŋ,tiɡɛ kʰənɑ/tiɡɡəi,močəŋɑ təe/teʰ,kʰət nə,po-rəbi,čikɑr čik,či kə,kʰət bɔu,kəli kuli kʰrəʰ,lɘkʰu / pɘlɘkʰu,ʧa həi,hɯk mun,kəsɯm pa,kʰətu tu / kʰətu məliŋ,kʰɘlaŋ-laŋ,kele tʰɹe,ʦak-piho,əmti / me-nti,likʰi / lakʰi likʰi,ket ɹɘne,kʰen ʧaŋgu,aku kontɘ,aken goɲum,lolo / wantʰe lolo,kʰepa-tèa,kɘmo ʧən,eʧe be,si atəl / atəl,bɹa-ge / bɹa-gene / bɹapa-ge,asi-de,ʦaŋma / tʰuɹ,ʧa-ga
Only two,-,nis tʃɑ,kʰəni pək,ənnɑ təŋ,si ani,mən nəi lɔ,əni kʰəktɑ,-,kʰəni mɑŋ,niʃjɛ kʰənɑ,eni təe,kənəi nə,kenɨje rəbi,ni kʰɑ ləbsuŋ,ɲi kə,ni bɔu,kəhɛ̃ kuli kʰrəʰ,kɘna lɘkʰu,ɲi həi,ɲi mun,kəɲim pa,aɲə tu / aɲə məliŋ,maʔɲɪ-laŋ,kin̥i tʰɹe,lɘme-piho,kɘɲ̥ũ-ənti,kini likʰi,kɘna ɹɘne,ani ʧaŋgu,ani kontɘ,ani goɲum,wani lolo,kani-tèa,kɘin ʧən,kene gebe,si ani,kʌiŋ-gene,anəi-de,nikʦiŋ ʦaŋma,ani-ga
Only three,-,sum tʃɑ,kʰəjum pək,əʃəm təŋ,si aŋum,mən ʈʰəm lɔ,əhum kʰəktɑ,-,kətʰum mɑŋ,sɯm kʰənɑ,etʰəm təe,kətʰum nə,sɛ rəbi,sum kʰɑ,sum kə,tʰum bɔu,kossə kuli kʰrəʰ,sɘ:o lɘkʰu,lim həi,ʧəm mun,kəʧem pa,asəŋ tu / asəŋ məliŋ,maʔsam-laŋ,kəʧɘ tʰɹe,sɘme-piho,kɘ́nʃə-nti,kɘtʰɘ likʰi,kɘʦum ɹɘne,om ʧaŋgu,niŋɪ kontɘ,auom goɲum,wanɹəm lolo,kaso-tèa,kɘsəm ʧən,kal gebe,si aŋum,kasəŋ-gene,aɹom-de,sam ʦaŋma,aɹəm-ga
Only five,-,Gɑ tʃɑ,pʰəŋɑ pək,puŋo təŋ,si pilo,mən brəih lɔ,məŋɑ kʰəktɑ,-,pʰeŋɑ mɑŋ,ŋəi kʰənɑ,moŋo təe,pəŋu nə,peŋu rəbi,ŋɑ kʰɑ,ži kə,ŋɑ bɔu,puŋo kuli kʰrəʰ,puŋu lɘbi,ŋa həi,ŋa mun,məŋam pa,məŋa tu / məŋa məliŋ,pʰɘŋɘ-laŋ,puŋy tʰɹe,muŋu-piho,pfɘ-nti,puŋu likʰi,miŋʉ ɹɘne,aŋo ʧaŋgu,jaŋoi kontɘ,aŋo goɲum,wanpaŋa lolo,maŋa-tèa,kɘlen ʧən,ple gebe,si pilo,maŋa-gene,baŋa-de,ŋa ʦaŋma,aɲa-ga
Only ten,-,tʃu tʃɑ,cipkʰəe pək,tʰər təŋ,si ɘiŋ,mən ži lɔ,tərɑ kʰəktɑ,-,tʰərɑ mɑŋ,ci kʰənɑ,tɑro təe,ru nə,kɛrə rəbi,ču kʰɑ,ɲɑ̃ kə,som bɔu,kjɑ kuli kʰrəʰ,kɘɹi lɘbi,pən həi,ən mun,təɹakem pa,tʰeɹe tu / tʰeɹe məliŋ,tʱɘɹɘ-laŋ,ʧaɹə tʰɹe,ʦe-piho,ʦɘɹɘ-nti,ʧiɣi likʰi,kɘɹɘu ɹɘne,ʧamkin ʧaŋgo,aliaŋhe kontɘ,ɘɹɘ goɲum,wanʧi lolo,hu-tèa,kepmo ʧən,fala gebe,si ɘiŋ,haləŋ-gene,ʧe-de,se ʦaŋma,ba:n-ga
There is only one child,-,ekɑ pʰru tʃitʃik tʃɑ duk,təserə nəsən tʰlɑ kʰəe pək ŋɑine,-,ko atəl pətom ko kaduŋ,bəi hɑi šɑ-še lɔ ɡotʰo doŋ,əŋɑŋ əmɑ kʰəktɑ ni,-,čuŋi nɑo əkʰə mɑŋ,tɔŋkʰənɑ/ tiɡɡəi cidɛ jɑni,ŋɑro močəŋɑ təe ʋɑnɑ,nɑ kʰət nə nɑje,ɳje nʰiccu-mijə jopo-rəbi,hei nɑ piriŋ čikɑr čik duk,deru ʈu či kə du,čɑ kʰət bɔu mej e,onnɑ-mɛ kəli kuli kʰrəʰ bužɛ,unu pɘ lɘbi ʃe,nəha ʧa,hələi haʃiʔ hɯk mun ɲike,aʦa kəsɯm pa peve,haʦəla azaɹə kʰətu tu le,aɹɘ kʰuŋaɹɘ kʰɘlaŋlaŋa,hi nuʦɘ kele tʰɹe,lehule mɪʦo ʦak piho,ɘnʦanɹɘ me-nti,anu lakʰi likʰi anì,ʦike hana poine ket ɹɘne lai,bɘ imiku akintɘpa,hime kone kontɘ,au aken goɲum,wantʰe ʧa lolo toŋo,áma a: kʰepa-a ʤiga / áma a: kʰepa-tèa iga,wahai sa bɹatmo ʧən,lipa eʧe uŋa gebe koiənde,ko atəl pətom ko kaduŋ,a kʰin-gene,puʤuna ʧa asi-de,wotka nunu tʰuʦaŋmala,ɘkɘ nausa ʧa-ga ʧɘʧenɘ
He ate only four mangoes,-,kʰos ɑ:m ižbi tʃɑ žos,ɑ: nə nɔhəi pʰəli pək čərəɡne,pɑ-je əm pizzə dəŋ əči,bɘ tagun api pətom kodoto,biə tʰɑi brəi lɔ tʰɑiǰəu žɑdəŋ mən,mɑ nə heinɔ məri kʰəktɑ čɑkʰi,-,ɑnə henotʰəi məti mɑŋ sɑjɑ,ko tiɡɡəi ɑ:m dʒɑdʒɛ,ompo mɛŋo meɹž təe točʰʋɑ,kəməi əbɑtʰɑe pədəi nə tu-ʋe,puo əm dijərə bi-čə,hei so ɑ:m rəpe so soŋ,kʰəʋe ɑ:m-ži kə žʋe-sõ,əmɑpɑ hin hɑi li bɔu ə-ne e,fʋə meŋo pədde kuli kʰrəʰpože,puno a:mse da lɘbi tiʃe,i:a pɘli a:m hanəŋ,pɘpa ʌʃoi əli mun haʔtɘke,hi amʒo əmzɯŋ pa ʦa,apinə siŋsi məju tu ʦuko / apinə ɲəpuŋwamsi məjə ʦuʧo,aŋɪpuʔnɘ mukjuk pʰɘŋɪ laŋ ʦɘʔto,puni am ʦe pəti tʰɹe tui,apo:u ʃepno pɘle ninihiɲe,ale huiʃa pɘzi-nti te:le,paje am bidi likʰi ʧu,pa mbaʦi medai teulai,mɘ mɘbɪe pɘpi gu dɘtopa,mo a:m pupe kontɘ dɘbɘne,mɘ kedi pɘpi goɲum do-ka,ate-me wanpɘli ʧoiɹekɹi-ba ʧa-ta,a:me enʧoʃi kapi tèa ha:ba,wikɘ a:m kumo ʧen ʧákɘ,moɹobeti kople gebe a:m tóba,bɘ tagun api pətom kodoto,ʧa a:m kapɹe-ne tʰaja,apeɹa a:m bɘləi-de ʧadə,degi am pʰi ʦaŋma hapʧi,gɘʧai maŋgəwz pɘʒi-ga saʔo
,,,,,,,,,,,,,,,,,,,,,,,,,,,,,,,,,,,,,,,,
Distributives,,,,,,,,,,,,,,,,,,,,,,,,,,,,,,,,,,,,,,,,
One each,tʃik-tʃik,re-re / tʃiktʃik-tʃiktʃik toŋ,kʰət kʰəe kʰəe,kʰɑ kʰɑ,atəl atel/atəl asak,sɑpʰrəmnəbə mən-še,əməm-əm,-,əkʰə šip,tiɡ tiɡɛ/ tiɡɛ tiɡɛ,močəŋ-čəŋ,kʰət kʰət,puʋo puʋo,rəpillɑ re-re,rere rere,kʰət či,kəli kučču/kəli kəli kučču,sepɘpɘ,ʧa poŋ,hɯk poŋ,kəsɯsɯ,kʰətukʰətu ʦəŋ / ɲəməi:pɪ kʰətu,kʰɘlaŋkʰɘlaŋ,kelele,ʦak-ʦak,meme,lakʰi-kʰi,ket-ket,akinkinbe,akoakosahe,aʧiɹ haksi,wantʰeɹu / wanɹu,kʰegeta,kumo-ha,eʧe eʧe,atəl-atəl pɘ,kʰintɪo-kʰintɪo,pʰute,tʰuɹegətʰuɹ,ʧaʧaku
Three each,sum-sum,sum sum toŋ,kʰəjum kʰəjum,əʃəm-ʃəm,aŋum aŋum/aŋum asak,sɑpʰrəmnəbə mən-ʈʰəm,əhum əhum,-,kətʰum šip,sɯm-sɯm,etʰəm-etʰəm,kətʰum tʰum,sɛ sɛ,rəpillɑ sum-sum,sumsum sɔ,tʰum či,kossə kossə/kossə kučču,sesɘsɘ,lim poŋ,ʧəm poŋ,kəʧeʧe,asəŋasəŋ ʦəŋ / ɲəməipɪ asəŋ,maʔsamsam,kəʦɘʦɘ,sɘme-me,kɘ́nʃəŋʃəŋ,kətʰə-tʰɘ,kɘʦum-kɘʦum,omombe,hiŋɪhiŋɪsahe,ʧiɹum haksi / boɹum haksi,wanɹəmɹu,kasota,kɘsəm-ha,kala kala,aŋum-aŋum pɘ,kasəŋtɪo-kasəŋtɪo,vatema pʰu-ɹom,tʰuɹegəsamsam,aɹəmɹəmku
Five each,sum-sum,Gɑ Gɑ toŋ,pʰəŋɑ pʰəŋɑ,puŋo-puŋo,pilŋo pilŋo/pilŋo asak,sɑpʰrəmnəbə mən-bɑ:,məŋɑ məŋɑ,-,pʰəŋɑ šip,ŋəi-ŋəi,moŋo-moŋo,pəŋu ŋu,peŋu-ɡu,rəpillɑ ŋɑ-ŋɑ,žI žI sɔ,ŋɑ či,puŋo puŋo/puŋo kuccu,sepuŋuŋu,ŋa poŋ,ŋa poŋ,məŋaŋa,məŋaməŋa nə ʦəŋ / ɲəməipɪ məŋa,pʰɘŋɘŋɘ,puŋuŋu,muŋu-ŋu,pfɘŋpfɘŋ,puŋu-ŋu,miɲʉ-miɲʉ,ŋoŋo-be,jaŋojaŋosahe,-,wanpaŋaɹu,maŋata,kɘlen-ha,ple ple,pilo-pilo pɘ,maŋatɪo-maŋatɪo,vatema pʰu-baŋa,tʰuɹegəŋaŋa,aɲaɲaku
one-by-one,tʃi tʃik- tʃi tʃik,tʃiki-tiŋnɑ-tʃik,kʰət kʰət,kʰɑ kʰɑ,atəl atəl,mən-še mən-še,mətʰəŋ mətʰəŋ/əməm-əm,-,əkʰə enə əkʰə,tiɡ-tiɡɛ ləŋɡɑ,močəŋ-čəŋ nɑʰ,kʰət kʰət sunɑ,mijə po mijə po,re-re sɔ,rere rere,kʰət zoɑ kʰət,umɛ kəli kəli,sepɘpɘ,ʧapʰəiməʧa,hɯk ʧəm hɯk,kəsɯnəkəsɯ,kʰətukʰətu  / kʰətu kʰəŋaŋ kʰətu,kʰɘlaŋkʰɘlaŋnɘ,kelekele,ʦak-ʦaktiam,mɪmeme / meme,lakʰi-kʰi,ket-ket,akinneakinbe,ako hɘba ako,akenakenbɘ,wantʰewantʰeme,kʰegekʰegene,kumo-kumo,eʧe eʧe-ge,atəl-atəlpɘ,kʰin-kʰin-hanana,wasima wasi,tʰuɹe-tʰuɹe,ʧaʧale
two-by-two,nɨ nɨ- nɨ nɨ,nisi-tiŋnɑ-nis,kʰəni kʰəni,ənnɑ-nɑ,aɲɲi aɲɲi,mən-nəɪ mən-nəi,əni əni,-,kʰəni enə kʰəni,ni-niʃjɛ/niʃjɛ niʃjɛ ləŋɡɑ,eni-ni nɑʰ,kənəi nəi sunɑ,ɳje kenije kenije,ni-ni sɔ,ɲiɲi sɔ,əkɔp kɔpɑ,umɛ kəhɛ-kəhɛ,sekɘnana,ɲipʰəiməɲi,ɲiɲi,kəɲinəkəɲi,aɲəaɲə / aɲu kʰəŋaŋ aɲu,maʔɲɪmaʔɲɪnɘ,kin̥ikin̥i,lɘme-me,mehuhu / kɘ́ɲ̥uɲ̥u,kini-ni,kɘna-kɘna,aniheanibe,ani həba ani,anianibɘ,waniwanime,kanikanine,kɘin-kɘin,kene kene-ge,ani-anipɘ,kʌiŋ-kʌiŋ-hanana,wanima wane,nikʦiɹe-nikʦiɹe,aninile
,,,,,,,,,,,,,,,,,,,,,,,,,,,,,,,,,,,,,,,,
Approximatives,,,,,,,,,,,,,,,,,,,,,,,,,,,,,,,,,,,,,,,,
Approximately 20 kilos of rice are in the sack.,ɖɛʰ kilo niʃu hjuče duk,kilo niʃu tʃʰɛkis bɑtoe borejɑ nu duk,borɑ rəŋ təsɑi šer somnikʰəe-rɔ kəuʋɑ ne,čəŋ ser mitdʒə ʃikʰɑ təmečəppɑ nuŋ lijɑ,ɘiŋani kilo kopɘ ambɘnɘ ɲogon-lɘ ka-dupɘ,kʰoməɪbɑ:bə nəɪžɪ kʰeǰɪ mɑiroŋɡ-ɑ: bost̪ɑ-jəʊ ɖoŋɡ,čəwrɑknə čəŋ kɪlo əmə kun borɑ-du-də yɑw-i,borɑ sũŋɡɑh ənt̪ə̃ŋɡ ʃel somnɪʋeɪ umhɪ,porɑčɪlɪ  kɪlo məɡə šɪkʰə žəŋɡd̪ələɪ,-,bostɑ čilo očəŋ keči-mekʰjə hərmɑ čɑ,nəb kilo čʋi dəo/čəurək borɑ kʰəo ləo-bəmme,ʃəko mɛθ mɛsekipuʋo  bostɑ nɑ bɑ,čimənə kilo niʃu ɖɑ bori nɑ duk,bori nɑɲlɑ kilo ɲiʃu tʰikɑ ɖe du,ənčəŋ kilo/kɡ somni təbəŋ hiči borɑ suŋɑ əhin əum e,tʰobu kiǰǰi məkkɛ nɑko lokʰɑ lebʋɛ,ʃeɹɘ mɘʧi mɘsɘʧe tɘl̥a dɪpɘʒɪlɘba,-,ninuk ləi oŋ tok ha moŋkɘ ɲike,kato ənkeke atʰa bosta lovətəve,akjasəŋ məkjoʃi ʦepuŋla zele,ʧi kʰɪ kʰɘlaŋ pənte atəmʧi zʌʔla,lakʰoɹa ve betʰu ʃəɹə mɘʧi mesevi əmpeda,-,səko kɪʤi ɘmkɪ kʰòle pʰɘɲu kabine,atʰikiʃi keʤi muku kʰala beg-lo ani,habì hiŋkai ʦaŋsɘnokpe habe gelalei,abiŋ keʤi ʧamni kɘta gonɘm ʤuŋpa,helɘheŋala niχəhe keʤi pəi embido bosta si,-,biak-ko ɹokni kilo ɹoŋ tatoŋa,muni-ma aniɹ̥u keʤi buʃi kekuʤiga,toʔ kɘtaumo sau tomaŋ hakəu mun li,nifa jali kə: keʤi kɹakɘde basta degɘkoje,ɘiŋani kilo kopɘ ambɘnɘ ɲogon-lɘ ka-dupɘ,-,apaŋpintʰum kʰap-nə ʧoi kʰu woŋ atoŋ,maʦamaʦa kuikaga keʤi kʰaitʰuɹ waŋ kʰu ʧudia,munkʰɘ-mɘ boŋ tok ta: ʧɪtan tainɘ
Approximately 50% of students are attending the workshop.,-,kilo tʃoGɑ tʃʰɛkis bɑtoe borejɑ nu duk,sɑtrɑ səruk somŋɑkʰəe-rɔ əi čɑŋ nə ʋərkʃop kəuʋɑ ne,-,-,kʰoməɪbɑ:bə bɑžɪ ɡor pʰorəišɑ-pʰər həbɑ-pʰərɪ-jəʊ bʰɑɡə lɑ-ɡən,čəwrɑknə məhəyroy tənkʰɑy əmə-dɪ wərksɔp-tu-də yɑw-rɪ,ʋərkʃɔp ɑ: skulnɑ̃upə̃ŋɡ percenʈ šɔmnɡɑ̃ ləkʋel ʋət̪eluhɪ,kət̪əmnɑu səruk həŋɡpeŋʰɑ šɪkʰə wərkʃɔp žəŋɡd̪ələy,-,-,sɑtrɑ pərsenʈ riŋu dəo wərkʃɔp kəzɑo bəmme,kepʰrenijo dʒɑhepeŋu-mesekipuʋo ʋərksɔp nu bɑ,čimənə pirijɑ pʰɛʈik kɑrjəsɑlɑ ru bʰɑɡ ləinɑ,-,-,-,zahepuŋumɘsɘʧe lisikɘpʰimiko woɹkʃop-hi zɘzɘde,-,woɹʃop lʌi laipaŋhanʌɘ tʰɘ pəɲipɘən pʰaihən ʃəŋ omʃeɲike,-,akʰɪɹəzəɹəti ʦəla tʰəɲao:ʃi ŋuʃila ɹoko,akʰɪɹɘ ʧəmʧʌk kʰɘ ɹɘmupuŋ lʌʔ,kəpɹ̥ənumi hapuŋu mesevi nuputa:ve,-,lɪsɘkɘsɘɲɘ mɪhɪmpfɘ kʰòle woɹkʃop kabiɲuo,kipʰimi l̥opuŋu kʰala woɹkʃop etend ʃi ani,lɘusinone ɹiŋʉ ʦaŋsɘnokpe matapamge waŋlai,sɘ:gɘnɘmhimi papotaktɘ kɘta gune ɹikumso dopa,helɘheŋala heme taʧehe woɹʃop ho ane,-,-,muimage azutʰɹujame woɹʃop-ma igamu,tɘlaimo sau sku:l-sa-sən ʧən woɹʃop hukɘ,plefa pəɹsen kə:ləŋɹe ma:lepamti woɹkʃop degoi:ta:ŋdoe,-,-,-,maʦa lamkən kʰuɹaŋpantʰuɹ ʧuʃi woɹkʃop ka,woɹkʃop-mɘ lainoʃəɹo punibɘn ʧɪtan tainɘ
Approximately  fifteen kilos of rice are in the sack.,ɖɛh kəra čjoŋã bʰuri naŋne hjuče duk,kilo tʃoGɑ tʃʰɛkis bɑtoe borejɑ nu duk,borɑ rəŋ təsɑi šer cipləipʰəŋɑ-rɔ kəuʋɑ ne,čəŋ ser tʰərpuŋo ʃikʰɑ təmečəppɑ nuŋ lijɑ,ɘiŋ-kolaŋ-pilo kilo kopɘ ambɘnɘ ɲogon-lɘ ka-dupɘ,kʰoməɪbɑ:bə žɪ:bɑ: kʰeǰɪ mɑiroŋɡ-ɑ: bost̪ɑ-jəʊ ɖoŋɡ,čəwrɑknə čəŋ kɪlo əmə tərɑ məŋɑ borɑ-du-də yɑw-i,borɑ sũŋɡɑh ənt̪ə̃ŋɡ ʃel šɔmnɡɑ̃ umhɪ,porɑčɪlɪ  kɪlo t̪ʰərɑt̪əpʰənɡɑ šɪkʰə žəŋɡd̪ələɪ,-,bostɑ čilo očəŋ keči-tɑro moŋo hərmɑ čɑ,nəb kilo runəpəŋu dəo borɑ kʰəo ləo-bəmme,ʃəko sɛr kɛrəpeŋu mɛsekipuʋo  bostɑ nɑ bɑ,bori nɑ čimedɑ kilo čɑŋɑ ɖɑ duk,bori nɑɲlɑ kilo čoɲɑ̃ tʰikɑ ɖe du,ənčəŋ kilo/kɡ somləŋɑ təbəŋ hiči borɑ suŋɑ əhin əum e,tʰobu kiǰǰi kjɑpuŋo nɑko lokʰɑ lebʋɛ,ʃeɹɘ kɘɹi-puŋu mɘsɘʧe tɘl̥a dɪpɘʒilɘba,-,ninuk lʌi oŋ tok ən-pɘ-ŋa ʃəŋ ɲike / ninuk lʌi oŋ tok ən-pɘ-ŋa moŋkɘ ɲike,kate təɹa-məŋa atʰa bosta lovətəve,akjasəŋ tʰəɹeməŋəu:ʃi ʦepuŋla zele,ʧi kʰɪtukʰɘ pənte atəmʧiŋ zʌʔla,lakʰoɹa ve betʰu ʃəɹə ʧaɹəpuŋu mesevi pela,-,səko kɪʤi ʦɘɹɘ-pfɘ kʰòle pʰɘɲu kabine,atʰikiʃi keʤi ʧiɣɘ-puŋu kʰala beg-lo ani,habi kɘɹeu-miɲeɘ ʦaŋsɘnokpe habe gelalai,abiŋ keʤi ɹiŋ-le-ŋu kɘta gonɘm ʤuŋpa,helɘheŋala aliaŋ-la-ŋohɪ keʤi embido bosta si,-,biak-ko aʧi-wanpaŋa kilo ɹoŋ toŋa,muni-ma holo-ma keʤi buʃi kekuʤiga,hakəu mun li kepmo-kɘlen sau tomaŋ,fala-jali-ple:-ge ple kə:ləŋɹe kɹakɘde basta degɘkoje,ɘiŋ-kolaŋ-pilo kilo kopɘ ambɘnɘ ɲogon-lɘ ka-dupɘ,-,apaŋpintʰum kʰap-nə ʧoi ʧe-ɹa-baŋa woŋ atoŋ,maʦa kuikaga kʰu keʤi soŋ-ŋa waŋ kʰuʧudia,gɘmunkʰɘ-mɘ boŋ tok ba:n-ba-aɲa ʧɪtan tainɘ
Approximately 2/3rd members are left.,-,-,tʰəmi siŋ səruk kʰəjum rəi kʰəni rɔ əi čɑŋ dɑ čɑrɑ ne,loktiɖəm nuŋ pəɽnok əʃəmsətəŋdoŋ ənnɑ ʃibo əčičilɑn əpillən,,-,čəwrɑknə luptuɡɪ səruk əhum tʰok-pəɡɪ səruk ənɪ-dɪ lemhəwre,-,membər təŋɡkʰɑ ləŋd̪ə žəttʰwəɪ-həɪrəɪ,-,ečʰi tʰəm lɔ ečʰi ni membərs hərmɑ inhoi sitʰɑkɑ,-,tʰemije dʒɑsɛʰdʒɑkenɨje mɛsekipuʋo totɛ,-,-,mi tʰum-lɑ-ni təbəŋ umnɑlɑ e,užje kossə leno užje kəhɛ̃ pʰɑ umɛ-ko mošoʰ-ʋɑ bɛe,zasɘʧisədiolɘ zakɘna mɘsɘʤe tʰɘmatade,-,NA,kate kəʧeʒenə kəɲi aɲeto tewatʰu,aɲəla ʧʌŋ asəũ:ʃi ʦipikʰo,-,mi teze kəʦɘve kin̥i mesevi tela,-,ʤɘnʃəŋkə ʤɘŋhu kʰòle pʰɪlaso,-,mina haŋna-haŋʦum ʦaŋsɘnokpe tɘtɘlai,nipɘ letiagune əŋjupa,helɘheŋala abuemiu inʤaniku,-,aʧaʔaɹa minhɪani ʧuiwakta,pea: alu iŋwaləmbɹo bagana,-,be:supa moɹupəmte jatabagə,-,-,-,-,-
This institute contains approximately 1000 students.,i insʈiʈjuʈ nə ʈu-toŋ-ɡjə šəm,di skul/insʈiʈuʈ pɛnu tʃʰɛkis stoŋtʃik pʰru duk,hətəi institjut rəŋ sɑtrɑ lisiŋ kʰəe rɔ əi čɑŋ kələi ne,ibɑ institut noŋ təzəməɖəm mirǰɑŋkʰɑ ʃi,si ɪnstɪtjut si eʤaɹ kopə poɹiko ka-dupɘ,be: ənust̪ʰɑn-ɑu kʰoməɪblɑ:bə pʰɒrəɪsɑ-pʰər ɖoŋɡ,məhəy loɪ-səŋ-sɪ čəwrɑknə məhəyroy lɪsɪŋ əmə yɑw-i/ləy-y,hɪ institute ɪn skulnɑ̃upə̃ŋɡ šɑ̃ŋɡkʰət̪ ləkʋel neɪhɪ,institute-hili kət̪əmnɑu tʰɪnkʰə šɪkʰə t̪əmdələɪ,-,institjut čilo ekʰɑjəŋ otʰəm močəŋɑ hərmɑ ʋɑnɑ,mi skul kʰəo sɑtrɑ čiŋkʰət dəo nɑ-je,tʰemije ɳijəpuʋo mesekipuʋo hɑnu-bəjɑ,di juldo čimənə toŋ čik pirijɑ dok,-,hiči skul čəpəŋ səŋkʰət təbəŋ əum e,skul henre lɑɪrəmodonɑmɛ tʰo kʰəli-pʰu kobʋɛ,lisiʧe lɘhì lisikɘpʰime mi ɲepɘ mɘsɘʧeba,-,haba ɪnstɪtju:t ləi laipaŋhanʌɘ haʧa-hɯk ʃəŋ ɲike,laʒəʒe hama kəʧeŋiɹi aɲekəsɯ peve,hipa akʰikula kʰekʰətu ʃi akʰiɹə lile,-,ono liʃikeve lisepɹ̬enəmi ɲe kele mesevi pe,-,tɘmɪje lesɘkɘsɘɲɘ jeme kʰòle biɲuo,ɪnstɪtju:t hipalo kipʰimi χeton̥e lakʰi kʰala ani,apo kaladebiki mina ʦaŋket ʦaŋsɘnokpe lɘusɘnona minɘlai,susɘɹgunamloso sɘɹgənamhimi ʤɘɹ kɘtago dodo,sekɘ ɪskulso helɘheŋala ʤaɹe pahehimeda,-,əɹe ɪnstɪtju:t-ko haʤa-tʰe stju:dənt hɪ toŋa,heʧa aʧutʰɹuŋma izaɹiga buʃi azutʰɹuja iga,an ɪnstɪtjut hai gla hiŋ sau aʧakmaŋ,ti instɪtju:t dego haʤaɹ kə:laŋɹe malepəmtekoe,si ɪnstɪtjut si eʤaɹ kopə poɹiko ka-dupɘ,-,-,atʰa laptɹuga maʦa soŋa toŋ-tɹa-tʰuɹ paŋʧudia,əkəm mə ŋausa:ɹuŋ haʤa ʧa ʧɪtan tainɘ
Approximately 35 kilos of rice are in the sack.,ɖɛh sumdzusɛŋã səm bʰuri naŋne hjučin duk,kilo sumtʃusɔŋɑ tʃʰɛkis bɑtoe borejɑ nu duk,borɑ rəŋ təsɑi šer somtʰumləipʰəŋɑ-rɔ kəuʋɑ ne,čəŋ ser səməɹouŋo ʃikʰɑ təmečəppɑ nuŋ lijɑ,ɘiŋaŋum-kolaŋ-pilo kilo kopɘ ambɘnə ɲogon-lo ka-dupɘ,kʰoməɪbɑ:bə tʰəmžɪ:bɑ: kʰeǰɪ mɑiroŋɡ-ɑ: bost̪ɑ-jəʊ ɖoŋɡ,čəwrɑknə čəŋ kɪlo əmə kuntʰrɑ məŋɑ borɑ-du-də yɑw-i,borɑ sũŋɡɑh ənt̪ə̃ŋɡ ʃel šɔmt̪ʰumnɡɑ̃ umhɪ,porɑčɪlɪ  kɪlo tʰumrɑt̪əpʰənɡɑ šɪkʰə žəŋɡd̪ələɪ,-,bostɑ čilo očəŋ keči-tʰumrɔ moŋo hərmɑ čɑ,nəb kilo čʋipəŋu dəo borɑ kʰəo ləo-bəmme,ʃəko sɛrəpeŋu mɛsekipuʋo  bostɑ nɑ bɑ,bori nɑ čimedɑ kilo sumǰusɔŋɑ ɖɑ duk,bori nɑɲlɑ kilo sumčuseɲɑ̃ tʰikɑ ɖe du,ənčəŋ kilo/kɡ somtʰumləŋɑ təbəŋ hiči borɑ suŋɑ əhin əum e,tʰobu kiǰǰi sjɑʰpuŋo nɑko lokʰɑ lebʋɛ,ʃeɹɘ sɘmɹo-puŋu mɘsɘʧe tɘl̥a dɪpɘʒɪlɘba,-,ninuk ləi oŋ tok habɘən-pɘ-ŋa ʃəŋ ɲike,,akjasəŋ saŋɹepəuməŋəu: ʃi ʦepuŋla zele,ʧi kʰɪʃaŋkʰɘ pənte atəmʧiŋ zʌʔla,lakʰoɹa ve betʰu ʃəɹə ʧaɹəpuŋu mesevi pe,-,səko kɪʤi ʃɘnɹɘ-pfɘ kʰòle pʰɘɲu kabiɲuo,atʰikiʃi keʤi ʃiɣɘ-puŋu kʰala beg-lo ani,habi kɘɹeu-miɲʉ ʦaŋsɘnokpe habe gelalai,abiŋ keʤi ʧamun-le-ŋo kɘta gonɘm ʤuŋpa,helɘheŋala hikʰəi-la-jaŋo kilo emido ʦɘkɘ bosta sido,-,biak-ko ɹokɹəm-wanpaŋa kilo ɹoŋ tatoŋa,muni-ma hasuɹ̥u-ma keʤi buʃi kekuʤiga,hakəu mun li toʔ səŋkiəpmo-kɘlen sau tomaŋ,kalafa-jali-ple keʤi kə:ləŋɹe kɹakɘde basta degɘkoe,ɘiŋaŋum-kolaŋ-pilo kilo kopɘ ambɘnə ɲogon-lo ka-dupɘ,-,-,kuikaga maʦa keʤi kʰaitʰuɹ-gin-soŋ-ŋa paŋʧudia,haga munkʰɘ-mɘ tok ta:bɘn-ba-aɲa boŋ ʧɪtan tainɘ
,,,,,,,,,,,,,,,,,,,,,,,,,,,,,,,,,,,,,,,,
Aggregatives,,,,,,,,,,,,,,,,,,,,,,,,,,,,,,,,,,,,,,,,
A group of two girls played.,-,bomo nis-is sesuk,nəpuicɑ kʰəni kəupul nə kəumərəŋ ne,tətčər-ɖəm tuluk ənnɑ sɑi,mima ope aniko kelito/ imanto,mən-nəɪ hɪnžɑusɑpʰər-nɪ bəhɑɡəɑ ɡele-ɖəŋɡ-mən,nupɪ məčɑ ənɪ-ɡɪ kɑŋlup əmə sɑnnəkʰre,numeɪnɑupə̃ŋɡ po:lnɪh kɪmolkʰɪn uhɪ,-,nɪʃjɛ čəmɛ-jɪn ɡɛ ɡrup lʰəŋčɛ,-,tunɑ kəŋ kənəi təlli  je,tʰenijemije kro-kenɨje rəzɑ,pojẽ ni njolɑ sjo,čunɖɑ-ɲi bomo-ɡun jəŋpɑ šero pən,numei čəpəŋ ɡrup-ni əkeččim  e,niʈomɛ ummu kəhɛ̃ kukrɛʰ,kɹòtʰò kɘna tʰonókó ɹɘzɘve,akʰuŋ suko ɲi lanwonpu,ɲʉhapa ɲi ŋatɘke,nimza ɹikʰu kəɲi sakəʤve,kʰɪjoŋəzaɹə məloŋ aɲə ʃaʧale,alipeɹɘpu jɪŋɘ-maʔɲɪ ahoɹɪto,niʦɘmiɹo koɹo kin̥i muɹuʦɘna,miɲuhai ohoi lɘme lumheɲa,lɘbeɲɘ dɘŋhule kɘʧole / lɘbeɲɘ lówa kɘɲ̥uə kɘʧole,totimi aloʤi kini aχili ʃi,hɘlelɘ bau kɘna tʰalai,ɲimku aʧamʧam nigu sopa,iŋkətoŋeho ɲim anɪ sone,-,kʰu-tʰe diakʧa wani lom-ta,jaku akani apɹagala aləmetaɹoga,-,mimi kenekene gesedoe,mima ope aniko kelito/ imanto,mijaʌ tahu kʌiŋ ʃinega,-,zamin nikʦiŋa ʧutʰu nipʧi,mínusà anini koŋ dà:nə
A group of five girls played.,-,bomo ɡɑ-is sesuk,nəpuicɑ pʰəŋɑ kəupul nə kəumərəŋ ne,tətčərɖəm pəɽnuk tuluk puŋo sɑi,mima ope pilokonɘ imanto,mən-bɑ: hɪnžɑusɑpʰər-nɪ bəhɑɡəɑ ɡele-ɖəŋɡ-mən,nupɪ məčɑ məŋɑ-ɡɪ kɑŋlup əmə sɑnnəkʰre,numeɪnɑupə̃ŋɡ po:lnɡɑ̃ kɪmolkʰɪn uhɪ,-,ŋəɪ čəmɛ-jɪn ɡɛ ɡrup lʰəŋčɛ,-,tunɑ kəŋ pəŋu təlli je,tʰenijemije kro-peŋu rəzɑ,pojẽ ŋɑ njolɑ sjo,čunɖɑ-ɲɑ̃  bomo-ɡun jəŋpɑ šero pən,numei čəpəŋ ɡrup-ŋɑ əkeččim e,niʈomɛ ummu puŋo ko  kukrɛʰ,kɹòtʰò puŋu tʰonókó ɹɘzɘve,akʰuŋ suko ŋa wonpu,ɲʉhatʰɘ ʧomŋa ompɘ kʰuŋ ŋatɘke,nimza ɹikʰu niməŋa sakʰeve,kʰɪjoŋəzaɹə məloŋ məŋa ʃaʧale,alipeɹɘpu jɪŋɘ-pʰɘŋɘ ahoɹɪto,niʦɘmiɹo koɹo puŋu muɹuʦɘna,miɲuhai ohoi muŋu lumheɲa,lɘbeɲɘ lówa pfɘne kɘʧole / lɘbeɲɘ lówa ʃaʔpfɘne kɘʧole,totimi aloʤi puŋu aχili ʃi,hɘlemɘ bau miɲʉ tʰalai,ɲimku aʧamʧam ŋogu sopa,iŋkətoŋeho jaŋoi ɲim sone,-,kʰu-tʰe diakʧa wanpaŋa lom-ta,jaku áləmbɹo maŋame taɹuga,-,pleple gemi pəmti sɘseɹetə:doe,mima ope pilokonɘ imanto,mijaʌ tahu maŋa ʃiɹi,-,zamin ŋagə ʧutʰu nipʧi,mínusà aɲaɲa koŋ dà:nə
A group of four girls played.,-,bomo ižbi-is sesuk,nəpuicɑ pʰəli kəupul nə kəumərəŋ ne,tətčərɖəm pəɽnuk tuluk pizzə sɑi,mima ope apikonɘ imanto,mən-brəɪh hɪnžɑusɑpʰər-nɪ bəhɑɡəɑ ɡele-ɖəŋɡ-mən,nupɪ məčɑ məri-ɡɪ kɑŋlup əmə sɑnnəkʰre,numeɪnɑupə̃ŋɡ po:llɪ: kɪmolkʰɪn uhɪ,-,pi čəmɛ-jɪn ɡɛ ɡrup lʰəŋčɛ,-,tunɑ kəŋ pədəi təlli je,tʰenijemije kro-dɨjeh rəzɑ,pojẽ ži njolɑ sjo,čunɖɑ-ži bomo-ɡun jəŋpɑ šero pən,numei čəpəŋ ɡrup-li əkeččim e,niʈomɛ ummu pədde ko kukrɛʰ,kɹòtʰò da tʰonókó ɹɘzɘve,akʰuŋ pəli suko lan wonpu,ɲʉhatʰɘ ʧom əli ompɘ kʰuŋ ŋatɘke,nimza ɹikʰu niəmzɯ sakʰeve,kʰɪŋəzəɹə məloŋ məjə ʃaʧale,alipeɹɘpu jɪŋɘ-pʰɘŋɪ ahoɹɪto,niʦɘmiɹo koɹo pɘti muɹuʦɘna,miɲuhai ohoi pɘle lumheɲa,lɘbeɲɘ lòwa pɘzile kɘʧole,totimi aloʤi bidi aχili ʃi,hɘlemɘ bau medai tʰalai,ɲimku aʧamʧam pigu sopa,iŋkətoŋeho ɲim pɘlɪ sone,-,kʰu-tʰe diakʧa wanpɘli lom-ta,jaku áləmbɹo kapime taɹuga,-,kolpekople gemi pəmti sɘsedoe,mima ope apikonɘ imanto,mijaʌ tahu kapɹe ʃiɹi,-,zamin pʰigə ʧutʰu nipʧi,mínusà pɘʒiʒi koŋ dà:nə
A group of twelve boys reached.,-,butʃʰɑ tʃuknis lepʃuk,nəpɑcɑ cipləikʰəni kəupul nə məntʰluŋ rɑne,təpuər-ɖəm pəɽnuk tuluk tʰərənnɑ əʈʰuŋ,miləkoŋ ɘiŋ-kolaŋ-ani ope pɘdo,mən-žɪnəɪ huɑ-šɑ pʰər-nɪ bəhɑɡə-ɑ sopəɪ-ɖəŋɡ-mən,nupɑməčɑ tərɑ nɪtʰoy-ɡɪ kɑŋlup əmə yəw-kʰre,pəsəl nɑupə̃ŋɡ po:lšɔmlenɪ:h ʈuŋkʰɪn(t̪ɑ) uhɪ,-,čʲəne ʃɪrɪ-jɪn ɡɛ tɪɡɛ ɡrup nəbčɛ,-,ɡɑn kəŋ runəkənəi tɑŋ tʰe,tʰepʰumije kro-kɛrəkenɨje ʋorsotɛ,ʈʋe čuŋi njolɑ ləksuŋ,-,pəsəl čəpəŋ ɡrup somləni əhluŋi e,foʈomɛ ummu kjɑkəhɛ̃o  ko ʋuddurɛʰ,tʰupuko kɹo kɘɹi-kɘna pʰeʦote,akʰuŋ pənpɘɲi nətan pəipu,pahaʧom ənpɘɲi ɲupɘ kʰuŋ tʰaʔ tɘke,ɹikʰuvə nimpaɹi təɹakeɲi ɹuʧutu,atʰɹezəɹə ɲet tʰeɹeaɲə məloŋ ɹoʧikʰo,atʰɘɹɘpu jɪŋɘ tʰɘɹɘkjakmaʔɲɪ kʰɪjoŋto,fɘʦɘ koɹo ʧaɹə kin̥i pʰeʦota,ohoi ʦikɘlɘme lɘlohai ʃiŋwaɲa,pubeɲɘ lòwakə ʦɘɹɘ-kɘɲ̥u ʧele ti:lo-laso,apumi aloʤi ʧiɣi-kini noto,ɹahaŋmɘ bau kɘɹɘu-kɘna waŋʦaŋlai,ɲigaku aʧamʧam ʧam-le-nigu ɘŋʧipa,aliaŋhe-la-anɪ milobo toŋe a:ʧido,-,kʰu-tʰe dɘlaʧa ʧi-wani hu-tʰe,meʔa áləmbɹo holo-ni kʰekʰəmba,-,fala-jali-kene-ge moɹo pəmti jadabagə,miləkoŋ ɘiŋ-kolaŋ-ani ope pɘdo,muaʌ tahu halə-kʌiŋ kʰiɹiza,-,zaso nikʦiŋgə ʧutʰuɹ kʰuŋʃi,mipa ba:n-ba-ni be paigɘ
A group of twenty five boys reached.,-,butʃʰɑ niʃusɑŋɑ lepʃuk,nəpɑcɑ somniləipʰəŋɑ kəupul nə məntʰluŋ rɑne,təpuər-ɖəm pəɽnuk tuluk metdʒərpuŋo əʈʰuŋ,miləkoŋ ɘiŋani-kolaŋ-pilo ope pɘdo,mən-nəɪžɪbɑ: huɑ-šɑ pʰər-nɪ bəhɑɡə-ɑ sopəɪ-ɖəŋɡ-mən,nupɑməčɑkun məŋɑ-ɡɪ kɑŋlup əmə yəw-kʰre,pəsəl nɑupə̃ŋɡ po:lšɔmnɪ:hlenɡɑ̃ ʈuŋkʰɪn(t̪ɑ) uhɪ,-,nʰəssɑ ŋəɪ ʃɪrɪ-jɪn ɡɛ tɪɡɛ ɡrup nəbčɛ,-,ɡɑn kəŋ čʋinəpəŋu tɑŋ tʰe,tʰepʰumije  kro-mɛθəpeŋu ʋorsotɛ,ʈʋe ničɑŋɑ njolɑ ləksuŋ,-,pəsəl čəpəŋ ɡrup somniləŋɑ əhluŋi e,foʈomɛ ummu məkjɑpuŋo ko ʋuddurɛʰ,kɹo mɘʧio-puŋu tʰupuko pʰeʦote,akʰuŋ pənpɘŋa nətan pəipu,unknown,ɹikʰuvə nimpaɹi ənkenməŋa ɹuʧutu,atʰɹezəɹə məloŋ məkjəpəməŋa ɹoʧikʰo,atʰɘɹɘpu jɪŋɘ mukukjakpʰɘŋɘ kʰɪjoŋto,fɘʦɘ koɹo məʧi-puŋu pʰeʦota,ohoi kʰekɘmuŋu lɘlohai ʃiŋwaɲa,pubeɲɘ lòwakə əmki-pfɘne ti:laso / pubeɲɘ lòwakə əmki-pfɘ ʧele ti:lo-laso,apumi aloʤi muku-puŋu noto,ɹahaŋmɘ bau kai-miɲʉ waŋʦaŋlai,ɲigaku aʧamʧam ʧamni-le-ŋogu ɘŋʧipa,niχəɪ-la-jaŋoi milobo toŋe a:ʧido,-,kʰu-tʰe dɘlaʧa ɹokni-wanpaŋa hu-tʰe,meʔa áləmbɹo aniɹ̥u-maŋa kʰekʰəmba,-,nifa-jali-ple-ge moɹo pəmti jadabaga,miləkoŋ ɘiŋani-kolaŋ-pilo ope pɘdo,muaʌ tahu kahelɘŋ-maŋa kʰiɹiza,-,-,mipa ta: -ba-aɲa be paigɘ
A group of twenty boys reached.,-,butʃʰɑ niʃu lepʃuk,nəpɑcɑ somnikʰəe kəupul nə məntʰluŋ rɑne,təpuər-ɖəm pəɽnuk tuluk metdʒə əʈʰuŋ,miləkoŋ ɘiŋani ope pədo,mən-nəɪžɪ: huɑ-šɑ pʰər-nɪ bəhɑɡə-ɑ sopəɪ-ɖəŋɡ-mən,nupɑməčɑ kun-ɡɪ kɑŋlup əmə yəw-kʰre,pəsəl nɑupə̃ŋɡ po:lšɔmnɪ:h ʈuŋkʰɪn(t̪ɑ) uhɪ,-,nʰəssɑ ʃɪrɪ-jɪn ɡɛ tɪɡɛ ɡrup nəbčɛ,-,ɡɑn kəŋ ru tɑŋ tʰe,tʰepʰumije  kro-mɛθə ʋorsotɛ,ʈʋe niʃu (or niʃu ʈʋe) njolɑ ləksuŋ,-,pəsəl čəpəŋ ɡrup somni əhluŋi e,foʈomɛ ummu məkkɛ ko ʋuddurɛʰ,tʰupuko kɹo mɘʧi pʰeʦote,akʰuŋ ta nətan pəipu,pahaʧom haɲʉpɘ kʰuŋ tʰaʔ tɘke,ɹikʰuvə nimpa ənkeke ɹuʧutu,atʰɹezəɹəti məloŋ məkjə ɹoʧikʰo,atʰɘɹɘpu jɪŋɘ muku kʰɪjoŋto,feʦɘ koɹo məʧi pʰeʦota,ohoi kʰe lɘlohai ʃiŋwaɲa,pubeɲɘ lòwakə əmkine ti:laso,apumi aloʤi muku noto,ɹahaŋmɘ bau kai waŋʦaŋlai,ɲigaku aʧamʧam ʧamnigu ɘŋʧipa,niχəe milobo toŋe a:ʧido,-,kʰu-tʰe dɘlaʧa ɹokni hu-tʰe,meʔa áləmbɹo aniɹ̥u kʰekʰəmba,-,nifa-ge moɹo pəmti jadabaga,miləkoŋ ɘiŋani ope pədo,muaʌ tahu kahelɘŋ kʰiɹiza,-,za kʰaitʰuɹgə ʧutʰuɹ kʰuŋʃi,mipa ta: be paigɘ
,,,,,,,,,,,,,,,,,,,,,,,,,,,,,,,,,,,,,,,,
Collectives,,,,,,,,,,,,,,,,,,,,,,,,,,,,,,,,,,,,,,,,
A single word comes to mind.,ʃʰik tʃik  ŋã lɑ həl lebtʃuŋ,ləfz tʃitʃik ni dətpɑ njos,kəi ʋɑkʰɑ-rəŋ ʋɑhəikʰeupək kəuməŋ ne,təmluŋ čəŋi učəŋ kʰɑteŋ ərr,ŋok apɘ-lo agom atəl ko adum,mənčʰe sədəb kʰorʋɑo sənnɑi pʰeiɖəŋ,ʋɑ əmmɑ əiɡi koktɑ lɑi,-,ʈʋi əkʰə juʋi niŋ rɑi,-,itʃəŋ močəŋɑ emčʰumčʰetɑlɑ,lət kʰət niŋ-pəre,dijeju puʋo əmhəle-ne ʋər,ləb čik ɡoǰɛ-lɑ kʰore dɔ,-,-,olɑpo kəli itʃi le-lʋɑ,i m̥a pɘ lɘ vote,ŋau pa aʧutəime painəŋ,-,ʒətʰo kəsɯ kəməʃe voɹə,inəju kʰətu ate ləmle ɹoko / juʦi kʰətu ilasila ɹole,-,meni seka kele mesɘ lota,ɲu ʦa muŋlia ʃɪɲia,menti ɹɘʧɘnoila,àʦa lakʰi akʰolo iloχi àni,samke ket apeike waŋtɘ,ŋa dumpoho gamkinʤaŋku maŋpatɘn,nɘka goŋe heŋkanɘ,-,nim kʰap tʰe e kʰeɹi naŋ huɹe,ŋaʧi àu ma azopɹage jogə,ke sɘm həi əpʰal mɘnda hula,eʧe ʧa:ti negi sə:degəja:daba,ŋok apɘ-lo agom atəl ko adum,gɹoʃɘmja dɘɹu kʌiŋ,ikʰuɹe nə ɹokɹi posi atoŋ,ʤa toŋsamga ʦik tʰuɹ ʃi,ŋakuŋ ʧa kumoŋtempajo
Two pair of socks,kĩʃu nɨ/jɑnju kʰjerso,kəŋsuks nis,ʋəŋ motʃɑ kʰənni/čurɑ,təsəmuppɑ kʰɑsɑ ənnɑ,muʤa aniko,pʰɑr nəi muǰɑ,mozɑ ǰurɑ əni,-,sɔks čorɑ kʰəni,ne dʒuŋ dʒəlɑb/ niʃjɛ dʒuŋ dʒəlɑb,ʃɔks eni,možɑ pɑ kənəi,možɑ kenɨje,kəŋsuk čʰɑ-ni,žo-ɲi-pəpu,keŋ moǰɑ ni,miǰɑ opɑ kəhɛ̃,muʤa ʤoɹa kɘna,ɲi jaʃoŋ,moʧa ʧuɹa ɲi,amoʒa ʧi kəɲi,ikʰila ʧiŋtɹiŋsi aɲə lile / ʧɪŋʃə aɲə,-,muʒa pa kin̥i,hokniŋ lɘme,pʰaʣɘ kɘpəŋpəŋ kɘɲ̥̥uŋ,soks atɘna kini,piza kɘna,ləkiam piam ni,muʤa ʤa-ni,-,muʤa ʧut ni,alopɹa kani,muʤa ʣam-mo,muʤa kene kene ge koe,muʤa aniko,gɹoʃɘmja dɘɹu eləŋ əmafɘɹehoja,ʤuɹa nəi muʤa,omso ʧa nikʦiŋ,muʤa ani
Pair of socks are lying here,ja tʃik inɔ duk,kəŋsuks tʃitʃik dikɑ duk,ʋəŋ motʃɑ čurɑ kʰəje dənəjrɑ ne,jəŋi təsəmuppɑ kʰəsɑ lijə,muʤa-kɘdaɹ si dodo,pʰɑr še muǰɑjɑ beʋhɑi ɖoŋ,mozɑ ǰurɑ əmmɑ sidɑ tɑe/ləi,-,sɔks čerɑ kʰəni čili leni,dʒəlɑb hɔnɔ jɑni,ʃɔks eni ikəkčʰi lijɑ,možɑ pɑ kəiləu bəmme,možɑ puʋo hənužə,kəŋsuk čʰɑ on-duk,-,keŋ moǰɑ ni lɑjɑ ɑum e,miǰɑ opɑ kəli hinəhiʋe,ʤoɹa pɘ muʤa liʧi hibate,jaʃoŋ a hatʌu me ŋonaŋ,moʧa ʧuɹa-pan həlʌi ɲike,amoʒa hala peve,nəjo ʧiŋtɹiŋsi ʦə ale ʧopɘle / ʧɪŋʃə ʧole,-,muʒa pa ʧipe,hokniŋ koŋni,pʰaʣɘ kɘpəŋ mele kʌbiɲuo,soks atɘna ko hili àkʰani,mɘza kɘna toilulale,ləkiam piam ʧamgo dopake,si muʤa ʤa-ni do,-,muʤa ʧut ni ako toŋ-a,alopɹa kʰege ahia kʰaga,muʤa ʣam-mo kɹalnai,muʤa kene geta ta:koe /muʤa kene ge kɘpakoe,muʤa-kɘdaɹ si dodo,-,ʤuɹa si muʤa kopʰoŋdəp,omso ʧa tʰuɹ atkala,muʤa ani ɘbɘgɘtɘga
I went there dozen of times.,-,ŋɑ tʃʰerpɑ-mɑŋmoik/dərǰən soŋni,ŋəi təserɑ dərǰən kʰəi oi kəufoŋ ne,niʰ jəŋ ži əipən ɑo,ŋo əlo boʤeko gɘto,əŋ bəi hɑi ɖozon bɑr tʰɑ:ŋbəi,əi ədudɑ məjɑmərək čəle,-,i: čili təde kʰəni šidə ʋɑe,ɡe ɔʈʰɔ ilɑ conɛ de ɡədʒe,ə-nɑ oči loh eləm očʰo,ɑe kʰɑo təe tət liəŋ ɡəisi tʰe,ɑ: lunu ʋɑkjɑr kenɨje ki po-ʋɑr,ŋɑ heru boŋte bɑr ɡut,-,lɑjɑ kʰon təmpi ʋei kəči e,ɑi liližuʋo koppo tɑbrɑe,i lilɘ vakɘpɘ-vove,tawa ləme tainaŋki,NA,təɹaluke ʃeleʃezawa,-,-,ɲeʧi vakutɹu wona,e koŋni paikɘtiam kʰuʧe,"ale ʦɘka gɘ̀gɘ̀láso, ale ʦɘka waŋgɘʧoŋkigɘlaso",nije tilau χotʰu kutomu u,i pɘhi lukɹɘu kɘna ʦiketɘlai,ŋo təlo ləɹiŋle lɘnibu ɘŋtɘkon,ŋo inso ɹoliaŋ-niχə hepainte,-,ŋa melɘŋ ʤa ɹaŋvo ka-tək,ŋame ama bɘ-holo-ni lipagi,-,ne lipa o:dɘŋga ji:paga,ŋo əlo boʤeko gɘto,-,ŋa puʤuna dozɘn lak katəŋ,ʤaŋ wotka kʰaihakni dilɘn,kuəkɘ ʧɘpiʧɘpi mɘtaipu
I bought half a dozen eggs.,-,ŋəs ʈʰul-i dərǰən pʰet kʰjos,ŋəi nə ʋɑijui tʰlɑŋkʰəi kəlu ne,niʰ ənčə tečəŋ kʰrok əli,ŋo ɹokpɘ boʤeko lapə,ɑ:ŋ ɑdʰɑ ɖozon ɖɑuɖəi bɑɖəŋuən,əinɑ jerum dərzən təŋkʰɑje əmə lerəkʰi,-,inə hərə əpɑ-tʰəruk lokʰʋinə,ɡidʒe ʈuɡo/pʰjɛ dərdʒən tɯm,ə-nɑ hono-ečə  čə tirokʰ šə-čʰo,ɑe roidʋi ɖəzən kəpɛk liju tʰe,ɑ: tʰeʋəže dozən ɑdɑ kʰrə,ŋɑ̃ ɡʋɑ̃ ʈuk njo ho,-,ɑtui hɑf ɖəzən kəčo e,ɑi hudʒə ɖozən ədɑ li fiʋə,i tʰevɘsɘ haf dozɘn povo,ame atet aukek ŋonaŋ,ɲəi ʌti toɹzən atʰa ʃak hapai,hina aɹəʧi təɹaluke viɹu / hina aɹəʧi kəʒila viɹu,-,-,ɲe fɘmɘʒɘ doɹzon paɹ̥a kele tɹi,-,ale toɹozɘ dozɘn poŋpaha hɪlole,ino aùikʰu doɹzən tɘχa χɘ,i ɘnɹibum ɘŋkaŋ luɘlai,ŋo pɘpɘpukʰebu ɹɘpa,ŋo papu pata taʧe he ɹɘbɘ,-,-,ŋame etuʧu taɹ̥o loge,-,ne sɘfi-ge ʧuʧi bɘbɘgi,ŋo ɹokpɘ boʤeko lapə,-,ŋaɹə utəi dozɘn adʰa ɹidəŋ,ʤiŋi kutam kʰum pʰɘlan,-
wait for a couple of minutes,minəʈ njuŋše ɡorəŋ,minəʈ tʃik nis/kʰətʃik jɑ ʃriŋ,miniʈ kʰəi kʰəni ləuɑ̃ŋ lo,miniʈ  ənnɑ/isikɑ ɑtɑ lijɑŋ,aɲoŋko toja ləŋkə,do še somni tʰɑkɑi neʈʰo,miniʈ/mətəm kʰərəŋ ɑirəmmu,-,miniʈ kʰəni ʋiʋɑm,ti ʃjen rʰɯmcin,čəkɑro esɑnnɑ,miniʈ kəsɛk kʰʋən-no,mini kenɨje puʋo ə-tʰɛ sə,čiǰi-čik ɡo,-,minit ni ŋɑ in,minəʈ kopžəro kəli kʰʋəbo,mɪnɪt hu kʰɘsɘde,mɪnɪt ʧa-ɲi tankəi,minit ma:ne ta:n kətu,peke hula,akʰi:kjo jiŋ,-,ʦɘka tʰoɹi,ʃokʰolikʦa aʦiŋ,mɪnɪt m̥e-kɘɲ̥uŋ kʰwẽʃɘlo,ado kitila kʰe,kɘʦaina kolelo,miʧajapanɘm dojato,iʧe miudohe kaliato,-,manʧa-to bam-həŋ,iʧuge joa,balmo aɹaŋʃu,kike ʤopunoɹo,aɲoŋko toja ləŋkə,-,aləo bamko,kaɹmə nikʦiŋmaŋtɘ nuŋko,-
,,,,,,,,,,,,,,,,,,,,,,,,,,,,,,,,,,,,,,,,
Num-NPs,,,,,,,,,,,,,,,,,,,,,,,,,,,,,,,,,,,,,,,,
One boy.,ʈu tʃik,butʃʰɑ tʃitʃik,nəpɑ kʰəe,təpuər kʰɑ,milakuŋ atəl,šɑ-še huʋɑ:šɑ,nupɑməčɑ əmə,pəsəlnɑupə̃ŋɡ kʰət̪,məjərnɑu əkʰɑ,tɪɡɛ ʃɪrɪ,eboiroron čʰʋɑ,ɡɑn kʰət,tʰepʰumije puʋo,ʈu-bi čik,butʃɑ či,pəsəl kʰət,foʈomɛ kəli,tʰupu pɘ,nətan ʧa,paha-nʌɘ hɯk,nimpa kəsɯ,atʰeɹə kʰətu / tʰɹezaɹə kʰətu,atʰɘɹɘnunu kʰɘlaŋ,tɹ̥omi kele,leloʦu ʦak,pobenɹɘ me,kipitʰimi lakʰi,ɹahaŋmahaŋ ket,ɲegaku akin,milobo ako,jame aken,dɘla:ʧa watʰe,me-a kʰege,o:esa kumo,eʧe moɹo,milakuŋ atəl,moʔa bɹage,wa si,za tʰuɹ,mi-pa-ʧe ʧa
Two boys.,ʈu nɨ,butʃʰɑ nis,nəpɑ kʰəni,təpuər ənnɑ,milakuŋ ani,šɑ-nəɪ huʋɑ:šɑ,nupɑməčɑ əni,pəsəlnɑupə̃ŋɡ nɪ:h,məjərnɑu kʰənɪ,nɪʃjɛ ʃɪrɪ,eboiroro tək-eni,ɡɑn kənəi,tʰepʰumije kenɨje,ʈu-bi ni,butʃɑ ɲi,pəsəl ni,foʈomɛ kəhɛ̃,tʰupu kɘna,nətan ɲi,paha-nʌɘ ɲi,nimpa kəɲi,atʰeɹə aɲə / tʰɹezaɹə aɲə,atʰɘɹɘnunupu maʔɲɪ,tɹ̥omi kin̥i,leloʦu lɘme,pobenɹɘ mɪhu,kipitʰimi kini,ɹahaŋmahaŋ na,ɲegaku ani,milobo ani,jame ani,dɘla:ʧa wani,me-a kani,o:esa kɘin,moɹo kene,milakuŋ ani,moʔa kʌiŋ,wane,za nikʦiŋ,mi-pa-ʧe ani
One sheep.,luk tʃik,folɑ:ks tʃitʃik,jɑu kʰəe,nɑbuŋ kʰɑ,əki atəl,mɑ-še bərmɑ menɖɑ,yɑw əmə,belɑm kʰət̪,yɑu əkʰɑ,tɪɡɛ ləmɑ,oli močəŋɑ,žju kʰət,tʰekʋo puʋo,lok čik,-,belɑm kʰət,kolɑtu kəli,tukunu pɘ,tun ʧa,mi: hɯk,aɲeʒə kəsɯ,sanmiza kʰətu / sanza kʰətu,nampʰimiʔnu kʰɘlaŋ,teku kele,u: ʦak,tanɹɘ me,beɹi lakʰi,kɘmɘimili ket,jabiŋdɘɹ kin,sɘbin doɹe,hoχola doɹ-ken,sakʧa wantʰe,iku kʰege,kli kumo,eʧe ekle,əki atəl,mɘʤaɹe bɹage,kʰikʰoi asi,ʃiʃa tʰuɹ,heʔu ʧa
Five sheep.,luk ŋã,folɑ:ks ɡɑ,jɑu pʰəŋɑ,nɑbuŋ puŋo,əki pilo,mɑ-bɑ: bərmɑ menɖɑ,yɑw məŋɑ,belɑm nɡɑ̃,yɑu pʰənɡɑ,nɪʃjɛ ləmɑ,oli moŋo,žju pəŋu,tʰekʋo peŋu,lok ŋɑ̃,-,belɑm ŋɑ,kolɑtu puŋo,tukunu puŋu,tun ŋa,mi: ŋa,aɲeʒə məŋa,sanmiza məŋa / sanza məŋa,nampʰimiʔnu pʰɘŋɘ,teku puŋu,u: muŋu,tanɹɘ pfɘ,beɹi puŋu,kɘmɘimili miɲʉ,jabiŋdɘɹ ŋu,sɘbin doŋoi,hoχola doɹ-ŋo,sakʧa wanpaŋa,iku maŋa,kli kɘlen,ekle ple,əki pilo,mɘʤaɹe maŋa,baŋa kʰikʰoi,ʃiʃa ŋa,heʔu aɲa
One girl.,pɔmo tʃik,bomo tʃitʃik,nəpui kʰəe,tətčər kʰɑ,nima atəl,šɑ-še hɪnǰɑʊ-šɑ,nupɪməčɑ əmə,numeɪnɑupə̃ŋɡ kʰət̪,šɪnɑu əkʰɑ,tɪɡɛ čəmɛ,eleroron čʰʋɑ,tunɑ kʰət,tʰenju puʋo,pojẽ cik,bomo či,numei kʰət,niʈomɛ kəli,tʰuno pɘ,suko ʧa,ɲʉhanʌɘ hɯk,nimza kəsɯ,kʰiŋkuɹə kʰətu / lazaɹə kʰətu,alipeɹɘ kʰɘlaŋ,lumi kele,lɘŋeʦo ʦak,lɘbəɲɘ me,totimi lakʰi,lɘumahaŋ ket,ɲəm akin,ɲim ako,niʤiɹ aken,diakʧa watʰe,jaku-a kʰege,kɘmesa kumo,eʧe mimi,nima atəl,mijaʌ bɹage,mɘɲiŋ asi / ʤiʧekʧa si,zamin tʰuɹ,minusaɲa ʧa
Two girls.,pɔmo nɨ,bomo nis,nəpui kʰəni,tətčər ənnɑ,nima ani,šɑ-nəi hɪnǰɑʊ-šɑ,nupɪməčɑ əni,numeɪnɑupə̃ŋɡ nɪ:h,šɪnɑu kʰənɪ,nɪʃjɛ čəmɛ,eleroro tək-ini,tunɑ kənəi,tʰenju kenɨje,pojẽ ni,bomo ɲi,numei ni,niʈomɛ kəhɛ̃,tʰuno kəna,suko ɲi,ɲʉhanʌɘ ɲi,nimza kəɲi,kʰiŋkuɹə aɲə / lazaɹə aɲə,alipeɹɘ maʔɲɪ,lumi kin̥i,lɘŋeʦo lɘme,lɘbəɲɘ mɪhu,totimi kini,lɘumahaŋ na,ɲəm əni,ɲim ani,niʤiɹ ani,diakʧa wani,jaku-a kani,kɘmesa kɘin,mimi kene,nima ani,mijaʌ kʌiŋ,ʤiʧekʧa ne,zamin nikʦiŋ,minusaɲa ani
Three girls.,pɔmo sum,bomo sum,nəpui kʰəjum,tətčər əʃəm,nima aŋum,šɑ-ʈʰəm hɪnǰɑʊ-šɑ,nupɪməčɑ əhum,numeɪnɑupə̃ŋɡ t̪ʰum,šɪnɑu kət̪ʰum,sɯm čəmɛ,eleroro tək-tʰəm,tunɑ kətʰum,tʰenju sɛʰ,pojẽ sum,bomo sum,numei tʰum,niʈomɛ kossə,tʰuno sɘ,suko lim,ɲʉhanʌɘ ʧəm,nimza kəʧe,kʰiŋkuɹə asəŋ / lazaɹə asəŋ,alipeɹɘ maʔsam,lumi kəʦɘ,lɘŋeʦo sɘme,lɘbeɲɘ mɪʃəŋ,totimi kɘtʰɘ,lɘumahaŋ ʦum,ɲəm om,ɲim hiŋɪ,niʤiɹ auom,diakʧa waɹəm,jaku-a kaso,kɘmesa kɘsəm,mimi kala,nima aŋum,mijaʌ kasəŋ,ʤiʧekʧa ɹom,zamin sam,minusaɲa aɹəm
Eight trees,buʈa ɡjɛpo,tʃəŋmɑn ɡjət,hiŋroŋ təcət,suŋtuŋ ʈʰi,əsiŋ atəl,pʰɑ̃ŋɡ-ɖɑɪŋɡ pɪpɑ̃ŋɡpʰər,u nipɑn,sɪŋkũŋɡ ɡɪet̪ʰ,tʰɪnroŋ čɪsət̪,ɡʲəd̪ɛ ʃɪn jɪn,otoŋ tizɑ,tʰiŋ bɑŋ-təčət,ši tʰətʰɑ,ɡjət pɑ,buʈɑ:h či,tʰiŋ pʰuŋ ɡjet,šubbu čəččɑ,sɘbo pɘ,ʧa pi,pɯ hɯk,aʦoʧi kəsɯ,siŋtoŋ kʰətu,saŋtoŋ kʰɘlaŋ,ʦəbo kele,pai ʦak,səmbi me,asɘbo lakʰi,hibaŋ ket,saŋne kin,sanɘ ɹaŋe,hɘne ken,baŋ la:tʰe / baŋ watʰe,àsìmbu kʰege,saŋtu kumo,eʧe lə́:ai,əsiŋ atəl,masaŋbum bɹage,puʧoŋ asi,ʃiŋ tʰuɹ,pən ʧa
One tree.,buʈa tʃik,tʃəŋmɑo tʃitʃik,hiŋroŋ kʰəe,suŋtuŋ kʰɑ,əsiŋ pɘni,pʰɑ̃ŋɡ-še pɪpɑ̃ŋɡ,u əmə,huo:h kʰət̪,tʰɪnroŋ əkʰɑ,tɪɡɛ ʃɪn,otoŋ močəŋɑ,tʰiŋ bɑŋ-kʰət,ši  puʋo,pɑ čik,buʈɑ:h ɡjɛ,tʰiŋ pʰuŋ kʰət,subbu kəli,sɘbo tɘtʰa,tɪt pi,pɯ ʃət,aʦoʧi təze,siŋtoŋ ki,saŋtoŋ tɘʒa,ʦəbo tiʧe,pai pɘʧe,səmbi tɘʦe,asɘbo tàʧe,hibaŋ tɘset,saŋnene pin,sanɘ ɹaŋpiɲe,hɘane pinɘ,baŋ wasɘt,à̀sìmbu iju,saŋtu gɹən,ɹala lə́:ai,əsiŋ pɘni,masaŋbum lim,puʧoŋ mɘʧət,ʃiŋ jen,pən asət
I have one brother,ŋã la nɔ tʃik jot,ŋɑ pʰono/nono/kɑkɑ tʃitʃik jut,ŋəi kəi jɑmɑ kʰəe kəkʰəu ne,niʰ  tetti kʰɑ lijə,-,ɑ:ŋɡ-hɑ šɑ-še poŋɡhəɪ ɖoŋɡ,əy-ɡi ɪ-yɑmbə əmə ləy,kenn səŋɡəm pəsəl kʰət̪ kənehɪ,əməɪ əkʰə ləɪ-ye,ɡʲɛ t̪ɪɡɛ pe jɑni,ɑ-jo ə-ŋo/ətɑ eboi  močəŋɑ ʋɑnɑ,ə čɑebuŋ kʰət nɑje,ɑ: əprə po bɑ,nijẽ ɑi čik hɔt,ɲɑ̃-lɑ miŋpo či jə,upɑ kʰət kə-nij e,ɑi pinɔ kəli ʋe,i azɘɹamɪ pɘba,tawa aʧʌi ʧa ŋonaŋ,ɲəiləi ʧʌi hɯk ɲipʌi,hi iʧe nimpaɹi kəsɯ peve,ijo əni kʰətu lile / i imʌ kʰətu lile,ɪkʰɪjoŋ kʰɘlaŋ la,a ʧizɘ kele pe,ʦɘte ʦak kiɲe,a sikɘzəɲɘ me lebiɲuo,nije amu lakʰi ani,i asipeu ket lalai,ŋo əbaŋ akingu dopa,ŋɘkɘ baɹo ako do,ŋo aʧi aken go,ŋa pʰo watʰe toŋa,ŋaʧi a:amɹo kʰege iga,ke-we keok kumo ʧau,nepa eʧe nɘŋmaɹe koe,wo bɘɹo atəlko kaduŋ,hado mjum bɹage iha,ŋama ipʰu asi atoŋ,ʤa buniŋ tʰuɹ ʧulu,gumə-ku-nau-mipa ʧa te:o
I have two brothers,ŋã la nɔ nɨ jot,ŋɑ pʰono nis jut,ŋəi kəijɑmɑ kʰəni kəkʰəu ne,niʰ tetti/kətti ənnɑ lijə/ niʰ kətti ənnɑ lijə,-,ɑ:ŋɡ-hɑ šɑ-nəi poŋɡhəɪ-pʰər ɖoŋɡ,əy-ɡi ɪ-yɑmbə əni ləy,kenn səŋɡəm pəsəl nɪ:h kənehɪ,əməɪ kʰənɪ ləɪ-ye,ɡʲɛ nɪʃjɛ pe-jɪn jɑni,ɑjo opjɑo eni ʋɑnɑ,ə čɑebuŋ kənəi nɑje,ɑ:  əprə kenɨje bɑ,nijẽ ɑi ni hɔt,ɲɑ̃-lɑ miŋpo ɲi jə,upɑ ni kə-nij e,ɑi pinɔ kəhɛ̃ ʋe,i azɘɹamɪmɪ kɘna ba,taume aʧʌi ɲi ŋonaŋ,ɲəiləi ʧʌi ɲi ɲipʌi,hi iʧe nimpaɹi kəɲi peve,ijo əni aɲə lile / i imʌ aɲə lile,ɪkʰɪjoŋ maʔɲɪ la,a ʧizɘ kin̥i pe,ʦɘte lɘme kiɲe,a sikɘzəɲɘ mehu lebiɲuo,nije amu kini ani,i asipeu kɘna lalai,ŋo əbaŋ anigu dopa,ŋɘkɘ baɹo anɪ do,ŋo aʧi ani go,ŋa pʰo wani toŋa,ŋaʧi a:amɹo kani iga,ke-we keok kɘin ʧau,nepa kene-ge nɘŋmaɹe koe,wo bɘɹo aniko kaduŋ,hado mjum kʌiŋ iha,ŋama ipʰu ane atoŋ,ʤa buniŋ nikʦiŋ ʧulu,gumə ku-nau-mipa ni te:o
I have one sister,ŋã la nɔmo tʃik jot,ŋɑ pʰono/nomo/ɑtʃʰe tʃitʃik jut,ŋəi kəi-čər kʰəe kəkʰəu ne,niʰ ki kʰɑ lijə,-,ɑ:ŋɡ-hɑ šɑ-še bɪnɑnɑo ɖoŋɡ,əy-ɡɪ ɪ-če əmə ləy,kenn səŋɡəm numeɪ kʰət̪ kənehɪ,əčon  əkʰə ləɪ-ye,ɡʲɛ t̪ɪɡɛ pɯʃʰɑ jɑni,ɑjo əkɑ močəŋɑ ʋɑnɑ,ə čɑepi kʰət nɑje,ɑ: ɑjəθ  puʋo/po bɑ,nijẽ nɔ čik hɔt,ɲɑ̃-lɑ šiŋmo či jə,unu kʰət kə-nij e,ɑi uttʰu kəli ʋe,i alipɘ pɘ ba,ame aɲa ʧa ŋonaŋ,ɲəiləi ɲa hɯk ɲipʌi,hi iʧe nimzaɹi kəsɯ peve,ijo ifə kʰətu lile / i ifə kʰətu lile,ɪʧi kʰɘlaŋ la,a ʧizɘpi kele pe,e ʦɘno ʦa kiɲe,a luɪkeɲu me: lebiɲuo,nije áfo lakʰi ani,i asipui ket lalai,ŋo aɲi akingu dopa,ŋɘkɘ baɹmɘ ako do,ŋo abuɹ-niʤiɹ aken gokado,ŋa ɲa watʰe toŋa,ŋaʧi atʰi kʰege iga,ke-we ʧɘmai kumo ʧau,nepa eʧe ne koe,wo bɘɹmɘ atəlko kaduŋ,hado pɹəmɹu bɹage iha,ŋama iɲa asi atoŋ,ʤa zi tʰuɹ ʧulu,gumə ku-nau-minu ʧa te:o
I have two sisters,ŋã la nɔmo nɨ jot,ŋɑ ɑtʃʰe nis jut,ŋəi kəi-čər kʰəni kəkʰəu ne,niʰ ki ənnɑ lijə,-,ɑ:ŋɡ-hɑ šɑ-nəi bɪnɑnɑo-pʰər ɖoŋɡ,əy-ɡɪ ɪ-če əni ləy,kenn səŋɡəm numeɪ nɪ:h kənehɪ,əčon  kʰənɪ ləɪ-ye,ɡʲɛ nɪʃjɛ pɯʃʰɑ-jɪn jɑni,ɑjo ɑilo eni ʋɑnɑ,ə čɑepi kənəi nɑje,ɑ: ɑjəθ  kenɨje bɑ,nijẽ nɔ ni hɔt,ɲɑ̃-lɑ šiŋmo ɲi jə,unu ni kə-nij e,ɑi uttʰu kəhɛ̃ ʋe,i alipɘ kɘna ba,ame aɲa ɲi ŋonaŋ,ɲəiləi ɲa ɲi ɲipʌi,hi iʧe nimzaɹi kəɲi peve,ijo ifə aɲə lile / i ifə aɲə lile,ɪʧi maʔɲɪ la,a ʧizɘpi kin̥i pe,e ʦɘno lɘme kiɲe,a luɪkeɲu me:hu lebiɲuo,nije áfo kini ani,i asipui kɘna lalai,-,ŋɘkɘ baɹmɘ aɲe do,ŋo abuɹ-niʤiɹ ani gokado,ŋa ɲa wani toŋa,ŋaʧi atʰi kani iga,ke-we ʧɘmai kəin ʧau,nepa kene-ge ne koe,wo bɘɹmɘ aniko kaduŋ,hado pɹəmɹu kʌiŋ iha,ŋama iɲa ane atoŋ,ʤa zi nikʦiŋ ʧulu,gumə ku-nau-minu ani te:o
I have three sisters.,ŋã la nɔmo tʃik jot,ŋɑ ɑtʃʰe sum jut,ŋəi kəi-čər kʰəjum kəkʰəu ne,niʰ ki əʃəm lijə,-,ɑ:ŋɡ-hɑ šɑ-ʈʰəm bɪnɑnɑo-pʰər ɖoŋɡ,əy-ɡɪ ɪ-če əhum ləy,kenn səŋɡəm numeɪ t̪ʰum kənehɪ,əčon  kət̪ʰum ləɪ-ye,ɡʲɛ sɯm pɯʃʰɑ-jɪn jɑni,ɑjo ɑilo etʰəm ʋɑnɑ,ə čɑepi kətʰum nɑje,ɑ: ɑjəθ  sɛʰ bɑ,nijẽ nɔ sum hɔt,ɲɑ̃-lɑ šiŋmo sum jə,unu tʰum kə-nij e,ɑi uttʰu kossə ʋe,i alipɘ mɪsɘ ba / i asazɘpɘ mɪsə ba,ame aɲa lim ŋonaŋ,ɲəiləi ɲa ʧəm ɲipʌi,hi iʧe nimzaɹi kəʧe peve,ijo ifə asəŋ lile / i ifə asəŋ lile,ɪʧi maʔsam la,a ʧizɘpi kəʦe pe,e ʦɘno sɘme kiɲe,a luɪkeɲu mɪʃɘŋ nebiɲuo,nije áfo kɘtʰɘ ani,i asipui kɘʦum lalai,ŋo aɲi omgo dopa,ŋɘkɘ baɹmɘ hiŋɪ do,ŋo abuɹ-niʤiɹ auom gokado,ŋa ɲa waɹəm toŋa,ŋaʧi atʰi kaso iga,ke-we ʧɘmai kɘsəm ʧau,nepa kala-ge ne koe,wo bɘɹmɘ aŋumko kaduŋ,hado prəmɹu kasəŋ iha,ŋama iɲa aɹom atoŋ,ʤa zi sam ʧulu,gumə ku-nau-minu aɹəm te:o
I have one almirah.,ŋã la əlmari tʃik jot,ŋɑ tʃəŋs tʃitʃik jut,ŋəi upu  kʰəe kəkʰəu ne,niʰ əlmirɑ kʰɑ lijə,-,ɑ:ŋɡ-hɑ mən-še əlmɪrɑ ɖoŋɡ,əy-ɡɪ upu əmə ləy,kenn əlmɪrɑ kʰət̪ kənehɪ,əlmɪrɑ əkʰə ləɪ-ye,ɡɪ-ɡuŋ tɪɡɛ əlmɑri jɑni,ɑjo əlmirɑ močəŋɑ lijɑ/ əlmirɑ močəŋɑ lijɑ ɑjo,ə kʰəŋ əlmirɑ kʰət nɑje,ɑ: mežə puʋo bɑ,nijẽ nɑ čik əlmɑri hɔt,ɲɑ̃-lɑ əlmɑri či jə,əlmirɑ kʰət kə-nij e,ɑi əlmirɑ kəli ʋe,i alabɘ pɘ ba,ame ʧa almiɹah ŋonaŋ,ɲəiləi almiɹah hɯk ɲipʌi,hi almiɹah kəsɯ peve,ijo ʃəjopusiŋ kʰətu lile / i almiɹah kʰətu lile,i almɪɹah kʰɘlaŋ lʌʔ,ave almiɹah kele pe,ŋo almiɹa ʦa kiɲe,aho almiɹah me lebiɲuo,nije almiɹa lakʰi ani,ataiken suŋboŋ ket lalai,ŋo dɘɹəp pɘnɘn almiɹa kingu dopa,ŋɘkɘ almiɹa ako do,ŋo almiɹa aken gokado,ŋa almiɹa pʰaŋte toŋa,ŋa-ga almiɹa kʰege akʰaga,ke-we almaɹi kumo kam,nepa eʧe almiɹa koe,wo almiɹa atəlko kaduŋ,hado almiɹa bɹage aha,ŋaimna almiɹa asi atoŋ,ʤa ʧusaga almiɹa tʰuɹ ʧulu,gumə almaɹa ʧa te:o
I have two almirahs.,ŋã la əlmari nɨ jot,ŋɑ tʃəŋs nis jut,ŋəi upu kʰəni kəkʰəu ne,niʰ əlmirɑ ənnɑ lijə,-,ɑ:ŋɡ-hɑ mən-nəi əlmɪrɑ-pʰər ɖoŋɡ,əy-ɡɪ upu əni ləy,kenn əlmɪrɑ nɪ:h kənehɪ,əlmɪrɑ kʰənɪ ləɪ-ye,ɡɪ-ɡuŋ tɪɡɛ əlmɑri jɑni,ɑjo əlmirɑ eni lijɑ,ə kʰəŋ əlmirɑ kənəi nɑje,ɑ: mežə  kenɨje bɑ,nijẽ nɑ əlmɑri ni hɔt,ɲɑ̃-lɑ əlmɑri ɲi jə,əlmirɑ ni kə-nij e,ɑi əlmirɑ kəhɛ ʋe,i alabɘ kɘna ba,ame ɲi almiɹah ŋonaŋ,ɲəiləi almiɹah ɲi ɲipʌi,hi almiɹah kəɲi peve,ijo ʃəjopusiŋ aɲə lile / i almiɹah aɲə lile,i almɪɹah maʔɲɪ lʌʔ,ave almiɹah kin̥i pe,ŋo almiɹa lɘme kiɲe,aho almiɹah kɘɲ̥uŋ lebiɲuo,nije almiɹa kini ani,ataiken suŋboŋ kɘna lalai,ŋo dɘɹəp pɘnɘn almiɹa anigu dopa,ŋɘkɘ almiɹa anɪ do,ŋo almiɹa ani gokado,ŋa almiɹa pʰaŋni toŋa,ŋa-ga almiɹa kani akʰaga,ke-we almaɹi kɘin kam,nepa kene-ge almiɹa koe,wo almiɹa aniko kaduŋ,hado almiɹa kʌiŋ aha,ŋaimna almiɹa ane atoŋ,ʤa ʧusaga almiɹa nikʦiŋ ʧulu,gumə almaɹa ani te:t
I have one bag,ŋã la bɛɡ tʃik jot,ŋɑ ǰolɑ tʃitʃik jut,ŋəi beɡ kʰəe kəkʰəu ne,niʰ təmečʰəppɑ kʰɑ lijə,-,ɑ:ŋɡ-hɑ mən-še ǰoloŋɡɑ ɖoŋɡ,əy-ɡɪ kʰɑw əmə ləy,kenn t̪ʰuŋpɪ kʰət̪ kənehɪ,pɑitu əkʰə ləɪ-ye,ɡɪ-ɡuŋ nɪʃjɛ əlmɑri jɑni,ɑjo zolɑ močəŋɑ lijɑ,ə kʰəŋ kʰɑo kʰət nɑje,ɑ: likʰo  po/puʋo bɑ,nijẽ nɑ bɛɡ čik hɔt,ɲɑ̃-lɑ bəstɑ či jə,bɛɡ kʰət kə-nij e,ɑi lokʰɑbʋə kəli ʋe,i alakʰo pɘ ba,ame ɲikʰok ʧa ŋonaŋ,ɲəiləi kʰuŋ hɯk ɲipʌi,hi aʧukʰu kəsɯ peve,ijo jaŋku kʰətu lile / i jaŋku kʰətu lile,iju kʰɪjukʰɪju kʰɘlaŋ lʌʔ,ave lakʰo kele pe,e ɲekoŋ ʦa kiɲe,a ʤo:la me lebiɲuo,nije bӕg lakʰi ani,ataike hiŋbe ket lalai,ŋagɘ dɘɹəpbaknenʧuku kukingu dopa,ŋɘkə ʧiɹu ɹu:e do,ŋo bӕg aken gokado,ŋa toŋ wantʰe toŋa,ŋa muna kʰege iga,ke-we tɘpai kumo kam,nepa eʧe bӕg koe,wo ɲogo atəlko kaduŋ,hado bӕg bɹage aha,ŋajimna kʰak asi atoŋ,ʤa ʧusaga daŋa tʰuɹ ʧulu,gumə bӕg ʧa te:o
I have three bags,ŋã la bɛɡ nɨ jot,ŋɑ ǰolɑ sum jut,ŋəi beɡ kʰəjum kəkʰəu ne,niʰ təmečʰəppɑ əʃəm lijə,-,ɑ:ŋɡ-hɑ mən-ʈʰəm ǰoloŋɡɑ-pʰər ɖoŋɡ,əy-ɡɪ kʰɑw əhum ləy,kenn t̪ʰuŋpɪ t̪ʰum kənehɪ,pɑitu kət̪ʰum ləɪ-ye,ɡɪ-ɡuŋ sɯm ǰʰɔlɑ jɑni,ɑjo zolɑ etʰəm lijɑ,ə kʰəŋ kʰɑo kətʰum nɑje,ɑ: likʰo sɛʰ bɑ,nijẽ nɑ bɛɡ sum hɔt,ɲɑ̃-lɑ bəstɑ sum jə,bɛɡ tʰum kə-nij e,ɑi lokʰbʋə kossə ʋe,i alakʰo sɘ ba,ame ɲikʰok lim ŋonaŋ,ɲəiləi kʰuŋ ʧəm ɲipʌi,hi aʧukʰu kəʧe peve,ijo jaŋku asəŋ lile / i jaŋku asəŋ lile,iju kʰɪjukʰɪju maʔsam lʌʔ,ave lakʰo kəʦɘ pe,ŋo ɲekoŋ sɘme kiɲe,a ʤo:la kɘ́nʃəŋ lebiɲuo,nije bӕg kɘtʰɘ ani,ataike hiŋbe kɘʦum lalai,ŋagɘ dɘɹəpbaknenʧuku kuomgu dopa,ŋɘkɘ ʧiɹu ɹuɲe do,ŋo bӕg auom gokado,ŋa toŋ wanɹəm toŋa,ŋa muna kaso iga,ke-we tɘpai kɘsəm kam,nepa kala-ge bӕg koe,wo ɲogo aŋumko kaduŋ,hado bӕg kasəŋ aha,ŋajimna kʰak aɹom atoŋ,ʤa ʧusaga daŋa sam ʧulu,gumə bӕg aɹəm te:o
I have four bags,ŋã la bɛɡ sum jot,ŋɑ ǰolɑ ižbi jut,ŋəi beɡ pʰəli kəkʰəu ne,niʰ təmečʰəppɑ pizzə lijə,-,ɑ:ŋɡ-hɑ mən-brəɪh ǰoloŋɡɑ-pʰər ɖoŋɡ,əy-ɡɪ kʰɑw məri ləy,kenn t̪ʰuŋpɪ lɪ: kənehɪ,pɑitu mət̪ɪ ləɪ-ye,ɡɪ-ɡuŋ pi ǰʰɔlɑ jɑni,ɑjo zolɑ meɹž lijɑ,ə kʰəŋ kʰɑo pədəi nɑje,ɑ: likʰo dɨje bɑ,nijẽ nɑ bɛɡ ži hɔt,ɲɑ̃-lɑ bəstɑ ži jə,bɛɡ li kə-nij e,ɑi lokkʰɑʋe pəddi ʋe,i alakʰo da ba,ame ɲikʰok pəli ŋonaŋ,ɲəiləi kʰuŋ əli ɲipʌi,hi aʧukʰu əmzɯ peve,ijo jaŋku məjə lile / i jaŋku məjə lile,iju kʰɪjukʰɪju pʰɘi: lʌʔ,ave lakʰo pɘti pe,ŋo ɲekoŋ pɘle kiɲe,a ʤo:la pɘzi lebiɲuo,nije bӕg bidi ani,ataike hiŋbe medai lalai,ŋage dɘɹɘpbaknenʧuku kupigu dopa,ŋɘkɘ ʧiɹu ɹupe do,ŋo bӕg api gokado,ŋa toŋ wanpɘli toŋa,ŋa muna kapi iga,ke-we tɘpai kɘmɹɘn kam,nepa kople-ge bӕg koe,wo ɲogo napiko kaduŋ,hado bӕg kapɹe aha,ŋajimna kʰak bɘle atoŋ,ʤa ʧusaga daŋa pʰi ʧulu,gume bӕg pɘʒi te:o
