ID,Language_ID,Primary_Text,Analyzed_Word,Gloss,Translated_Text,Meta_Language_ID,LGR_Conformance,Comment
kull1236-firstman,kull1236,pɛlɑ mərd/mɑɳu,,,first man,,,
dogr1250-firstman,dogr1250,pɛlɑ bəndɑ,,,first man,,,
garh1243-firstman,garh1243,pɛlɑ ɑdim,,,first man,,,
kuma1273-firstman,kuma1273,pehlik ɑdim,,,first man,,,
gadd1242-firstman,gadd1242,pɛlɑ mɑɳu,,,first man,,,
goan1235-firstman,goan1235,pəjɔ d̪ɑd̪lɔ,,,first man,,,
nepa1254-firstman,nepa1254,pɛlo mɑnse,,,first man,,,
kudm1238-firstman,kudm1238,mirɑ həɽ,,,first man,,,
beng1280-firstman,beng1280,prot̪ʰom  lok,,,first man,,,
assa1263-firstman,assa1263,prɒt̪ʰɒm mɑnʊh,,,first man,,,
marw1260-firstman,marw1260,pɛlo ɑ:dəmɪ,,,first man,,,
panj1256-firstman,panj1256,pɛlɑ ɑd̪mɪ,,,first man,,,
adiv1239-firstman,adiv1239,prət̪ʰəmə purusə,,,first man,,,
kash1277-firstman,kash1277,ɡʋəɖnjuk mohinu,,,first man,,,
mara1378-firstman,mara1378,pəhɪlɑ mɑnus,,,first man,,,
guja1252-firstman,guja1252,pehlo mɑɳəs,,,first man,,,
sind1272-firstman,sind1272,peɽo bʰɑɪ,,,first man,,,
paha1251-firstman,paha1251,pelɑ ɑdmi,,,first man,,,
sada1242-firstman,sada1242,pehlɑ ɑdmi,,,first man,,,
wagd1238-firstman,wagd1238,pelo ɑdmi,,,first man,,,
west2380-firstman,west2380,pəhilɑ ɑdmi,,,first man,,,
sans1269-firstman,sans1269,prətʰəməh puruʂəh,,,first man,,,
sylh1242-firstman,sylh1242,frotom mɑnuʃ,,,first man,,,
urdu1245-firstman,urdu1245,pehlɑ ɑdmi,,,first man,,,
halb1244-firstman,halb1244,pəhil mənuk,,,first man,,,
maga1260-firstman,maga1260,pehlɑ lok,,,first man,,,
kull1236-secondman,kull1236,duǰǰɑ mɑɳu,,,second man,,,
dogr1250-secondman,dogr1250,duɑ bəndɑ,,,second man,,,
garh1243-secondman,garh1243,dusrɑ ɑdim,,,second man,,,
kuma1273-secondman,kuma1273,dusər ɑdim,,,second man,,,
gadd1242-secondman,gadd1242,duɑ mɑɳu,,,second man,,,
goan1235-secondman,goan1235,d̪usrɔ d̪ɑd̪lɔ,,,second man,,,
nepa1254-secondman,nepa1254,dosro mɑnse,,,second man,,,
beng1280-secondman,beng1280,d̪ɪt̪io lok,,,second man,,,
assa1263-secondman,assa1263,drɪtɪɒ mɑnʊh,,,second man,,,
marw1260-secondman,marw1260,dʊɟo ɑ:dəmɪ,,,second man,,,
panj1256-secondman,panj1256,d̪uǰǰɑ ɑd̪mɪ,,,second man,,,
adiv1239-secondman,adiv1239,d̪ɪt̪ɪje purusə,,,second man,,,
kash1277-secondman,kash1277,d̪oɪjəm mohinu,,,second man,,,
mara1378-secondman,mara1378,d̪usrɑ  mɑnus,,,second man,,,
guja1252-secondman,guja1252,bɪǰo mɑɳəs,,,second man,,,
sind1272-secondman,sind1272,bɪjo bʰɑɪ,,,second man,,,
paha1251-secondman,paha1251,duɑ ɑdmi,,,second man,,,
sada1242-secondman,sada1242,dusrɑ ɑdmi,,,second man,,,
wagd1238-secondman,wagd1238,biǰo ɑdmi,,,second man,,,
west2380-secondman,west2380,dusrɑ ɑdmi,,,second man,,,
sans1269-secondman,sans1269,dʋitijəh puruʂəh,,,second man,,,
sylh1242-secondman,sylh1242,ditijo mɑnuʃ,,,second man,,,
urdu1245-secondman,urdu1245,dusrɑ ɑdmi,,,second man,,,
halb1244-secondman,halb1244,dusər mənuk,,,second man,,,
maga1260-secondman,maga1260,dusrɑ lok,,,second man,,,
kull1236-thirdman,kull1236,triǰɑ mɑɳu,,,third man,,,
dogr1250-thirdman,dogr1250,trijɑ bədnɑ,,,third man,,,
garh1243-thirdman,garh1243,tisrɑ ɑdim,,,third man,,,
kuma1273-thirdman,kuma1273,tisər ɑdim,,,third man,,,
gadd1242-thirdman,gadd1242,trijɑ mɑɳu,,,third man,,,
goan1235-thirdman,goan1235,t̪ɪsrɔ d̪ɑd̪lɔ,,,third man,,,
nepa1254-thirdman,nepa1254,tesro mɑnse,,,third man,,,
beng1280-thirdman,beng1280,t̪rɪt̪io lok,,,third man,,,
assa1263-thirdman,assa1263,trɪtɪɒ mɑnʊh,,,third man,,,
marw1260-thirdman,marw1260,tɪɟo ɑ:dəmɪ,,,third man,,,
panj1256-thirdman,panj1256,t̪ɪǰǰɑ ɑd̪mɪ,,,third man,,,
adiv1239-thirdman,adiv1239,t̪rut̪ɪje purusə,,,third man,,,
kash1277-thirdman,kash1277,t̪reɪjəm mohinu,,,third man,,,
mara1378-thirdman,mara1378,t̪ɪsrɑ  mɑnus,,,third man,,,
guja1252-thirdman,guja1252,t̪ɪǰo mɑɳəs,,,third man,,,
sind1272-thirdman,sind1272,ʈɪo bʰɑɪ,,,third man,,,
paha1251-thirdman,paha1251,trijɑ ɑdmi,,,third man,,,
sada1242-thirdman,sada1242,tisrɑ ɑdmi,,,third man,,,
wagd1238-thirdman,wagd1238,tisro ɑdmi,,,third man,,,
west2380-thirdman,west2380,tisrɑ ɑdmi,,,third man,,,
sans1269-thirdman,sans1269,tritijəh puruʂəh,,,third man,,,
sylh1242-thirdman,sylh1242,tritijo mɑnuʃ,,,third man,,,
urdu1245-thirdman,urdu1245,tisrɑ ɑdmi,,,third man,,,
halb1244-thirdman,halb1244,tisər mənuk,,,third man,,,
maga1260-thirdman,maga1260,tisrɑ lok,,,third man,,,
kull1236-fourthman,kull1236,čɔutʰɑ mɑɳu,,,fourth man,,,
dogr1250-fourthman,dogr1250,čɔtʰɑ bəndɑ,,,fourth man,,,
garh1243-fourthman,garh1243,čɔtʰɑ ɑdim,,,fourth man,,,
kuma1273-fourthman,kuma1273,čɔtʰɑ ɑdim,,,fourth man,,,
gadd1242-fourthman,gadd1242,čotʰɑ mɑɳu,,,fourth man,,,
goan1235-fourthman,goan1235,t͡səvt̪ɔ d̪ɑd̪lɔ,,,fourth man,,,
nepa1254-fourthman,nepa1254,tʃɔtʰo mɑnse,,,fourth man,,,
beng1280-fourthman,beng1280,čot̪urt̪ʰo lok,,,fourth man,,,
assa1263-fourthman,assa1263,sotʊrtʰɒ mɑnʊh,,,fourth man,,,
marw1260-fourthman,marw1260,čʰot̪ʰo ɑ:dəmɪ,,,fourth man,,,
panj1256-fourthman,panj1256,čɔt̪ʰɑ ɑd̪mɪ,,,fourth man,,,
adiv1239-fourthman,adiv1239,čət̪urt̪ʰə purusə,,,fourth man,,,
kash1277-fourthman,kash1277,tʃurjem mohinu,,,fourth man,,,
mara1378-fourthman,mara1378,čəʊt̪ʰɑ  mɑnus,,,fourth man,,,
guja1252-fourthman,guja1252,čɔʊt̪ʰo mɑɳəs,,,fourth man,,,
sind1272-fourthman,sind1272,čoʈʰo bʰɑɪ,,,fourth man,,,
paha1251-fourthman,paha1251,čotʰɑ ɑdmi,,,fourth man,,,
sada1242-fourthman,sada1242,čɔtʰɑ ɑdmi,,,fourth man,,,
wagd1238-fourthman,wagd1238,čɔtʰo ɑdmi,,,fourth man,,,
west2380-fourthman,west2380,čɔutʰɑ ɑdmi,,,fourth man,,,
sans1269-fourthman,sans1269,čəturtʰəh puruʂəh,,,fourth man,,,
sylh1242-fourthman,sylh1242,soturtʰo mɑnuʃ,,,fourth man,,,
urdu1245-fourthman,urdu1245,tʃɔtʰɑ ɑdmi,,,fourth man,,,
halb1244-fourthman,halb1244,čəʋtʰɑ mənuk,,,fourth man,,,
maga1260-fourthman,maga1260,čɔtʰɑ lok,,,fourth man,,,
kull1236-fifthman,kull1236,põnǰʋɑ mɑɳu,,,fifth man,,,
dogr1250-fifthman,dogr1250,pənǰmɑ bəndɑ,,,fifth man,,,
garh1243-fifthman,garh1243,pɑ̃čʋɑ ɑdim,,,fifth man,,,
kuma1273-fifthman,kuma1273,pəču ɑdim,,,fifth man,,,
gadd1242-fifthman,gadd1242,pəimɑ mɑɳu,,,fifth man,,,
goan1235-fifthman,goan1235,pɑ̃t͡svɔ d̪ɑd̪lɔ,,,fifth man,,,
nepa1254-fifthman,nepa1254,pɑ̃tʃo mɑnse,,,fifth man,,,
beng1280-fifthman,beng1280,pɔnčom lok,,,fifth man,,,
assa1263-fifthman,assa1263,pɑ:snɒmbor mɑnʊh,,,fifth man,,,
marw1260-fifthman,marw1260,pɑ:nčəro  ɑ:dəmɪ,,,fifth man,,,
panj1256-fifthman,panj1256,pənǰʋɑ̃ ɑd̪mɪ,,,fifth man,,,
adiv1239-fifthman,adiv1239,pə̃nčəmə purusə,,,fifth man,,,
kash1277-fifthman,kash1277,pũtʃjəm mohinu,,,fifth man,,,
mara1378-fifthman,mara1378,pɑ̃nčʋɑ  mɑnus,,,fifth man,,,
guja1252-fifthman,guja1252,pɑ̃nčmo mɑɳəs,,,fifth man,,,
sind1272-fifthman,sind1272,pənǰo bʰɑɪ,,,fifth man,,,
paha1251-fifthman,paha1251,pənǰmɑ ɑdmi,,,fifth man,,,
sada1242-fifthman,sada1242,pɑčʋɑ ɑdmi,,,fifth man,,,
wagd1238-fifthman,wagd1238,pɑčʋo ɑdmi,,,fifth man,,,
west2380-fifthman,west2380,pə̃čmɑ ɑdmi,,,fifth man,,,
sans1269-fifthman,sans1269,pə̃nčməh puruʂəh,,,fifth man,,,
sylh1242-fifthman,sylh1242,foincom mɑnuʃ,,,fifth man,,,
urdu1245-fifthman,urdu1245,pɑ̃tʃʋɑ̃ ɑdmi,,,fifth man,,,
halb1244-fifthman,halb1244,pɑ̃čʋɑ̃ mənuk,,,fifth man,,,
maga1260-fifthman,maga1260,pɑ̃čʋɑ lok,,,fifth man,,,
kull1236-firstwoman,kull1236,pɛli betɽi,,,first woman,,,
dogr1250-firstwoman,dogr1250,pɛli ǰənɑni,,,first woman,,,
garh1243-firstwoman,garh1243,pɛl ɔrət,,,first woman,,,
kuma1273-firstwoman,kuma1273,pehli sɛɳi,,,first woman,,,
gadd1242-firstwoman,gadd1242,pɛli trimt,,,first woman,,,
goan1235-firstwoman,goan1235,pəjlɪ bɑjl,,,first woman,,,
nepa1254-firstwoman,nepa1254,pɛli məhilɑ,,,first woman,,,
beng1280-firstwoman,beng1280,prot̪ʰom  mohɪlɑ,,,first woman,,,
assa1263-firstwoman,assa1263,prɒt̪ʰɒm tɪrotɑ,,,first woman,,,
marw1260-firstwoman,marw1260,pɛlɪ lʊɡɑɪ,,,first woman,,,
panj1256-firstwoman,panj1256,pɛlɪ ɔrət̪,,,first woman,,,
adiv1239-firstwoman,adiv1239,prət̪ʰəmə nɑri/ məhiɭɑ,,,first woman,,,
kash1277-firstwoman,kash1277,ɡʋəɖnjuk žəin,,,first woman,,,
mara1378-firstwoman,mara1378,pəhɪlɑ məhɪlɑ,,,first woman,,,
guja1252-firstwoman,guja1252,pehlɪ st̪rɪ,,,first woman,,,
sind1272-firstwoman,sind1272,perɪ mɑɪ,,,first woman,,,
paha1251-firstwoman,paha1251,peli ɔrət,,,first woman,,,
sada1242-firstwoman,sada1242,pehli ǰəni,,,first woman,,,
wagd1238-firstwoman,wagd1238,peli bəiri,,,first woman,,,
west2380-firstwoman,west2380,pəhilɑ ɔrət/mɔɡi,,,first woman,,,
sans1269-firstwoman,sans1269,prətʰmɑ məhilɑ,,,first woman,,,
sylh1242-firstwoman,sylh1242,frotom mejemɑnuʃ,,,first woman,,,
urdu1245-firstwoman,urdu1245,pehli ɔrət,,,first woman,,,
halb1244-firstwoman,halb1244,pəhil mehrɑr,,,first woman,,,
maga1260-firstwoman,maga1260,pehli ǰəni,,,first woman,,,
kull1236-secondwoman,kull1236,duǰǰI betɽi,,,second woman,,,
dogr1250-secondwoman,dogr1250,dui ǰənɑni,,,second woman,,,
garh1243-secondwoman,garh1243,dusər ɔrət,,,second woman,,,
kuma1273-secondwoman,kuma1273,dusri sɛɳi,,,second woman,,,
gadd1242-secondwoman,gadd1242,doi trimt,,,second woman,,,
goan1235-secondwoman,goan1235,d̪usrɪ bɑjl,,,second woman,,,
nepa1254-secondwoman,nepa1254,dusri məhilɑ,,,second woman,,,
beng1280-secondwoman,beng1280,d̪ɪt̪io mohɪlɑ,,,second woman,,,
assa1263-secondwoman,assa1263,drɪtɪɒ tɪrotɑ,,,second woman,,,
marw1260-secondwoman,marw1260,dʊɟo lʊɡɑɪ,,,second woman,,,
panj1256-secondwoman,panj1256,d̪uǰǰɪ ɔrət̪,,,second woman,,,
adiv1239-secondwoman,adiv1239,d̪ɪt̪ɪje nɑrɪ,,,second woman,,,
kash1277-secondwoman,kash1277,d̪oɪjəm žəin,,,second woman,,,
mara1378-secondwoman,mara1378,d̪usrɑ məhɪlɑ,,,second woman,,,
guja1252-secondwoman,guja1252,bɪǰɪ st̪rɪ,,,second woman,,,
sind1272-secondwoman,sind1272,bɪ mɑɪ,,,second woman,,,
paha1251-secondwoman,paha1251,dui ɔrət,,,second woman,,,
sada1242-secondwoman,sada1242,dusri ǰəni,,,second woman,,,
wagd1238-secondwoman,wagd1238,biǰi bəiri,,,second woman,,,
west2380-secondwoman,west2380,dusrɑ ɔrət,,,second woman,,,
sans1269-secondwoman,sans1269,dʋitijɑ məhilɑ,,,second woman,,,
sylh1242-secondwoman,sylh1242,ditijo mejemɑnuʃ,,,second woman,,,
urdu1245-secondwoman,urdu1245,dusri ɔrət,,,second woman,,,
halb1244-secondwoman,halb1244,dusər mehrɑr,,,second woman,,,
maga1260-secondwoman,maga1260,dusri ǰəni,,,second woman,,,
kull1236-thirdwoman,kull1236,triǰǰi betɽi,,,third woman,,,
dogr1250-thirdwoman,dogr1250,tri ǰənɑni,,,third woman,,,
garh1243-thirdwoman,garh1243,tisri ɔrət,,,third woman,,,
kuma1273-thirdwoman,kuma1273,tisər sɛɳi,,,third woman,,,
gadd1242-thirdwoman,gadd1242,trɛ trimt,,,third woman,,,
goan1235-thirdwoman,goan1235,t̪ɪsrɪ bɑjl,,,third woman,,,
nepa1254-thirdwoman,nepa1254,tisri məhilɑ,,,third woman,,,
beng1280-thirdwoman,beng1280,t̪rɪt̪io mohɪlɑ,,,third woman,,,
assa1263-thirdwoman,assa1263,trɪtɪɒ tɪrotɑ,,,third woman,,,
marw1260-thirdwoman,marw1260,tɪɟo lʊɡɑɪ,,,third woman,,,
panj1256-thirdwoman,panj1256,t̪ɪǰǰɪ ɔrət̪,,,third woman,,,
adiv1239-thirdwoman,adiv1239,t̪rut̪ɪje nɑrɪ,,,third woman,,,
kash1277-thirdwoman,kash1277,t̪reɪjəm žəin,,,third woman,,,
mara1378-thirdwoman,mara1378,t̪ɪsrɑ məhɪlɑ,,,third woman,,,
guja1252-thirdwoman,guja1252,t̪ɪǰɪ st̪rɪ,,,third woman,,,
sind1272-thirdwoman,sind1272,ʈrɪ mɑɪ,,,third woman,,,
paha1251-thirdwoman,paha1251,tri ɔrət,,,third woman,,,
sada1242-thirdwoman,sada1242,tisri ǰəni,,,third woman,,,
wagd1238-thirdwoman,wagd1238,tisri bəiri,,,third woman,,,
west2380-thirdwoman,west2380,tisrɑ ɔrət,,,third woman,,,
sans1269-thirdwoman,sans1269,tritijɑ məhilɑ,,,third woman,,,
sylh1242-thirdwoman,sylh1242,tritijo mejemɑnuʃ,,,third woman,,,
urdu1245-thirdwoman,urdu1245,tisri ɔrət,,,third woman,,,
halb1244-thirdwoman,halb1244,tisər mehrɑr,,,third woman,,,
maga1260-thirdwoman,maga1260,tisri ǰəni,,,third woman,,,
kull1236-fourthwoman,kull1236,čɔtʰi betɽi,,,fourth woman,,,
dogr1250-fourthwoman,dogr1250,čɔtʰi ǰənɑni,,,fourth woman,,,
garh1243-fourthwoman,garh1243,čɔtʰ ɔrət,,,fourth woman,,,
kuma1273-fourthwoman,kuma1273,čɔtʰi sɛɳi,,,fourth woman,,,
gadd1242-fourthwoman,gadd1242,čotʰi trimt,,,fourth woman,,,
goan1235-fourthwoman,goan1235,t͡səvt̪ɪ bɑjl,,,fourth woman,,,
nepa1254-fourthwoman,nepa1254,tʃɔtʰi məhilɑ,,,fourth woman,,,
beng1280-fourthwoman,beng1280,čot̪urt̪ʰo mohɪlɑ,,,fourth woman,,,
assa1263-fourthwoman,assa1263,sotʊrtʰɒ tɪrotɑ,,,fourth woman,,,
marw1260-fourthwoman,marw1260,čot̪ʰɪ lʊɡɑɪ,,,fourth woman,,,
panj1256-fourthwoman,panj1256,čɔt̪ʰɪ ɔrət̪,,,fourth woman,,,
adiv1239-fourthwoman,adiv1239,čət̪urt̪ʰə nɑrɪ,,,fourth woman,,,
kash1277-fourthwoman,kash1277,tʃurjem žəin,,,fourth woman,,,
mara1378-fourthwoman,mara1378,čəʊt̪ʰɑ məhɪlɑ,,,fourth woman,,,
guja1252-fourthwoman,guja1252,čɔʊt̪ʰɪ st̪rɪ,,,fourth woman,,,
sind1272-fourthwoman,sind1272,čot̪ʰɪ mɑɪ,,,fourth woman,,,
paha1251-fourthwoman,paha1251,čotʰi ɔrət,,,fourth woman,,,
sada1242-fourthwoman,sada1242,čɔtʰi ǰəni,,,fourth woman,,,
wagd1238-fourthwoman,wagd1238,čɔtʰi bəiri,,,fourth woman,,,
west2380-fourthwoman,west2380,čɔutʰɑ ɔrət,,,fourth woman,,,
sans1269-fourthwoman,sans1269,čəturtʰi məhilɑ,,,fourth woman,,,
sylh1242-fourthwoman,sylh1242,soturtʰo mejemɑnuʃ,,,fourth woman,,,
urdu1245-fourthwoman,urdu1245,tʃɔtʰi ɔrət,,,fourth woman,,,
halb1244-fourthwoman,halb1244,čəʋtʰɑ mehrɑr,,,fourth woman,,,
maga1260-fourthwoman,maga1260,čɔtʰi ǰəni,,,fourth woman,,,
kull1236-fifthwoman,kull1236,põnǰʋi betɽi,,,fifth woman,,,
dogr1250-fifthwoman,dogr1250,pəimi ǰənɑni,,,fifth woman,,,
garh1243-fifthwoman,garh1243,pɑ̃čʋi ɔrət,,,fifth woman,,,
kuma1273-fifthwoman,kuma1273,pɑ̃čʋi sɛɳi,,,fifth woman,,,
gadd1242-fifthwoman,gadd1242,pəimi trimt,,,fifth woman,,,
goan1235-fifthwoman,goan1235,pɑ̃t͡səvɪ bɑjl,,,fifth woman,,,
nepa1254-fifthwoman,nepa1254,pɑ̃tʃo məhilɑ,,,fifth woman,,,
beng1280-fifthwoman,beng1280,pɔnčom mohɪlɑ,,,fifth woman,,,
assa1263-fifthwoman,assa1263,pɑ:snɒmbor tɪrotɑ,,,fifth woman,,,
marw1260-fifthwoman,marw1260,pɑ̃:nčvɪ lʊɡɑɪ,,,fifth woman,,,
panj1256-fifthwoman,panj1256,pənǰʋɪ̃ ɔrət̪,,,fifth woman,,,
adiv1239-fifthwoman,adiv1239,pə̃nčəmə nɑrɪ,,,fifth woman,,,
kash1277-fifthwoman,kash1277,pũtʃjəm žəin,,,fifth woman,,,
mara1378-fifthwoman,mara1378,pɑ̃nčʋɑ məhɪlɑ,,,fifth woman,,,
guja1252-fifthwoman,guja1252,pɑ̃nčmɪ st̪rɪ,,,fifth woman,,,
sind1272-fifthwoman,sind1272,pənǰɪ mɑɪ,,,fifth woman,,,
paha1251-fifthwoman,paha1251,pənǰmi ɔrət,,,fifth woman,,,
sada1242-fifthwoman,sada1242,pɑčʋi ǰəni,,,fifth woman,,,
wagd1238-fifthwoman,wagd1238,pɑčʋi bəiri,,,fifth woman,,,
west2380-fifthwoman,west2380,pəčmɑ ɔrət,,,fifth woman,,,
sans1269-fifthwoman,sans1269,pə̃nčmi məhilɑ,,,fifth woman,,,
sylh1242-fifthwoman,sylh1242,foincom mejemɑnuʃ,,,fifth woman,,,
urdu1245-fifthwoman,urdu1245,pɑ̃tʃʋĩ ɔrət,,,fifth woman,,,
halb1244-fifthwoman,halb1244,pɑ̃čʋɑ̃ mehrɑr,,,fifth woman,,,
maga1260-fifthwoman,maga1260,pɑ̃čʋi ǰəni,,,fifth woman,,,
kull1236-sixthwoman,kull1236,čɔʋi betɽi,,,sixth woman,,,
dogr1250-sixthwoman,dogr1250,šemi ǰənɑni,,,sixth woman,,,
garh1243-sixthwoman,garh1243,čʰəʈi ɔrət,,,sixth woman,,,
kuma1273-sixthwoman,kuma1273,čʰəʈʈi sɛɳi,,,sixth woman,,,
gadd1242-sixthwoman,gadd1242,čʰemmi trimt,,,sixth woman,,,
goan1235-sixthwoman,goan1235,səvvɪ bɑjl,,,sixth woman,,,
nepa1254-sixthwoman,nepa1254,čʰɛʈo məhilɑ,,,sixth woman,,,
beng1280-sixthwoman,beng1280,šɔštom mohɪlɑ,,,sixth woman,,,
assa1263-sixthwoman,assa1263,sɒɪ nɒmbor tɪrotɑ,,,sixth woman,,,
marw1260-sixthwoman,marw1260,čʰəʈʈʰɪ lʊɡɑɪ,,,sixth woman,,,
panj1256-sixthwoman,panj1256,čʰeʋɪ̃ ɔrət̪,,,sixth woman,,,
adiv1239-sixthwoman,adiv1239,səsʈʰə nɑrɪ,,,sixth woman,,,
kash1277-sixthwoman,kash1277,šəɪjəm žəin,,,sixth woman,,,
mara1378-sixthwoman,mara1378,šɑhʋɑ məhɪlɑ,,,sixth woman,,,
guja1252-sixthwoman,guja1252,čʰəɳɳɪ st̪rɪ,,,sixth woman,,,
sind1272-sixthwoman,sind1272,čʰəʈʈɪ mɑɪ,,,sixth woman,,,
paha1251-sixthwoman,paha1251,čʰemmi ɔrət,,,sixth woman,,,
sada1242-sixthwoman,sada1242,čʰəʈʋi ǰəni,,,sixth woman,,,
wagd1238-sixthwoman,wagd1238,čʰəʈʈi bəiri,,,sixth woman,,,
west2380-sixthwoman,west2380,čʰəʈɑ ɔrət,,,sixth woman,,,
sans1269-sixthwoman,sans1269,ʂəsʈʰi məhilɑ,,,sixth woman,,,
sylh1242-sixthwoman,sylh1242,ʃɔʃʈʰo mejemɑnuʃ,,,sixth woman,,,
urdu1245-sixthwoman,urdu1245,tʃʰəʈi ɔrət,,,sixth woman,,,
halb1244-sixthwoman,halb1244,čʰəʈʋɑ̃ mehrɑr,,,sixth woman,,,
maga1260-sixthwoman,maga1260,čʰəʈʈi ǰəni,,,sixth woman,,,
kull1236-seventhboy,kull1236,sɔtʋɑ ʃoru,,,seventh boy,,,
dogr1250-seventhboy,dogr1250,šədʋɑ muɖɑ,,,seventh boy,,,
garh1243-seventhboy,garh1243,sɑtu ləɖkɑ,,,seventh boy,,,
kuma1273-seventhboy,kuma1273,sətu čel,,,seventh boy,,,
gadd1242-seventhboy,gadd1242,sətmɑ čʰokro,,,seventh boy,,,
goan1235-seventhboy,goan1235,sɑt̪vɔ t͡səlɔ,,,seventh boy,,,
nepa1254-seventhboy,nepa1254,sɑto keʈɑ,,,seventh boy,,,
beng1280-seventhboy,beng1280,šɔpt̪om čʰele,,,seventh boy,,,
assa1263-seventhboy,assa1263,hɑ:t nɒmbor lɒrɑ:,,,seventh boy,,,
marw1260-seventhboy,marw1260,sɑ:təro cʰoro,,,seventh boy,,,
panj1256-seventhboy,panj1256,sət̪ʋɑ̃ munɖɑ,,,seventh boy,,,
adiv1239-seventhboy,adiv1239,səpt̪əmə bɑɭəkə,,,seventh boy,,,
kash1277-seventhboy,kash1277,səɪt̪jəm ləɖk,,,seventh boy,,,
mara1378-seventhboy,mara1378,šɑt̪t̪ʋɑ muɭɡɑ,,,seventh boy,,,
guja1252-seventhboy,guja1252,sət̪t̪ɑɳo čʰokro,,,seventh boy,,,
sind1272-seventhboy,sind1272,sət̪t̪o bɑr,,,seventh boy,,,
paha1251-seventhboy,paha1251,sətmɑ munɖɑ,,,seventh boy,,,
sada1242-seventhboy,sada1242,sɑtʋɑ čʰorɑ,,,seventh boy,,,
wagd1238-seventhboy,wagd1238,hɑto ləɽko,,,seventh boy,,,
west2380-seventhboy,west2380,sɑtʋɑ čʰəurɑ/ləikɑ,,,seventh boy,,,
sans1269-seventhboy,sans1269,sətptəməh bɑləkəh,,,seventh boy,,,
sylh1242-seventhboy,sylh1242,ʃɔptom sele,,,seventh boy,,,
urdu1245-seventhboy,urdu1245,sɑtʋɑ̃ ləɽkɑ,,,seventh boy,,,
halb1244-seventhboy,halb1244,sɑtʋɑ̃ mehrɑr,,,seventh boy,,,
maga1260-seventhboy,maga1260,sɑtʋɑ čʰɔrɑ,,,seventh boy,,,
kull1236-eighthgirl,kull1236,ɔʈʰʋi ʃori,,,eighth girl,,,
dogr1250-eighthgirl,dogr1250,əʈʰmi kuɖi,,,eighth girl,,,
garh1243-eighthgirl,garh1243,ɑʈʰu lɑɖki,,,eighth girl,,,
kuma1273-eighthgirl,kuma1273,ɑʈʰu čeli,,,eighth girl,,,
gadd1242-eighthgirl,gadd1242,əʈʰmi čʰukri,,,eighth girl,,,
goan1235-eighthgirl,goan1235,ɑʈvɛ̃ t͡səlɪ,,,eighth girl,,,
nepa1254-eighthgirl,nepa1254,ɑʈʰo keʈi,,,eighth girl,,,
beng1280-eighthgirl,beng1280,ɔšʈom meje,,,eighth girl,,,
assa1263-eighthgirl,assa1263,ɑ:ʈʰ nɒmbor sʊɑ:lɪ,,,eighth girl,,,
marw1260-eighthgirl,marw1260,ɑ:ʈʰro čʰrəjɑ,,,eighth girl,,,
panj1256-eighthgirl,panj1256,əʈʰʋɪ̃  kuɖɪ,,,eighth girl,,,
adiv1239-eighthgirl,adiv1239,əsʈəmə ǰʰɪe,,,eighth girl,,,
kash1277-eighthgirl,kash1277,u:ʈʰəjəm kuər,,,eighth girl,,,
mara1378-eighthgirl,mara1378,əʈʰʋɑ muɭɡɪ,,,eighth girl,,,
guja1252-eighthgirl,guja1252,ɑ:ʈʰmɪ čʰokrɪ,,,eighth girl,,,
sind1272-eighthgirl,sind1272,əʈʈʰɪ čʰokrɪ,,,eighth girl,,,
paha1251-eighthgirl,paha1251,əʈʰmi kuɖi,,,eighth girl,,,
sada1242-eighthgirl,sada1242,ɑʈʰʋi čʰori,,,eighth girl,,,
wagd1238-eighthgirl,wagd1238,ɑʈʰʋi ʃori,,,eighth girl,,,
west2380-eighthgirl,west2380,ɑʈʰʋɑ čʰəuri/ləiki,,,eighth girl,,,
sans1269-eighthgirl,sans1269,əsʈəmi bɑlikɑ,,,eighth girl,,,
sylh1242-eighthgirl,sylh1242,ɔʃʈom meje,,,eighth girl,,,
urdu1245-eighthgirl,urdu1245,ɑʈʰʋĩ ləɽki,,,eighth girl,,,
halb1244-eighthgirl,halb1244,ɑʈʋɑ̃ mehrɑr,,,eighth girl,,,
maga1260-eighthgirl,maga1260,ɑʈʰʋi čʰɔri,,,eighth girl,,,
kull1236-onesheep,kull1236,ek bʰeɖ,,,one sheep,,,
dogr1250-onesheep,dogr1250,ek piɖ,,,one sheep,,,
garh1243-onesheep,garh1243,ek bʰẽɖič,,,one sheep,,,
kuma1273-onesheep,kuma1273,ek bʰeɽ,,,one sheep,,,
gadd1242-onesheep,gadd1242,əkʰ bɛɽ,,,one sheep,,,
goan1235-onesheep,goan1235,ek mɛ̃dɔ,,,one sheep,,,
nepa1254-onesheep,nepa1254,eoʈɑ bʰeɽo,,,one sheep,,,
kudm1238-onesheep,kudm1238,ekʈi bʰeɖi,,,one sheep,,,
beng1280-onesheep,beng1280,ækʈɑ/ekʈɪ bʰærɑ,,,one sheep,,,
assa1263-onesheep,assa1263,ɛtɑ: bʰɛrɑ:,,,one sheep,,,
marw1260-onesheep,marw1260,ek bʰɛɽ,,,one sheep,,,
panj1256-onesheep,panj1256,ɪkk peɖ,,,one sheep,,,
adiv1239-onesheep,adiv1239,ɡotɪe menɖʰɑ/ menɖʰɑtɪe,,,one sheep,,,
kash1277-onesheep,kash1277,əkʰ kəʈʰ,,,one sheep,,,
mara1378-onesheep,mara1378,ek menɖrɪ,,,one sheep,,,
guja1252-onesheep,guja1252,ek ɡʰeʈu,,,one sheep,,,
sind1272-onesheep,sind1272,ɪkk bʰeɖ,,,one sheep,,,
paha1251-onesheep,paha1251,ek peɖ,,,one sheep,,,
sada1242-onesheep,sada1242,eɡo bʰeɽ,,,one sheep,,,
wagd1238-onesheep,wagd1238,ek bʰeɖ,,,one sheep,,,
west2380-onesheep,west2380,eɡo bʰeɽ,,,one sheep,,,
sans1269-onesheep,sans1269,ekɑ eɖkɑ,,,one sheep,,,
sylh1242-onesheep,sylh1242,æxʈɑ bʰæɽɑ,,,one sheep,,,
urdu1245-onesheep,urdu1245,ɑek bhɛɽʰ,,,one sheep,,,
halb1244-onesheep,halb1244,ɡoʈək menɖi,,,one sheep,,,
maga1260-onesheep,maga1260,eɡo bʰeɽɑ,,,one sheep,,,
kull1236-onegirl,kull1236,ek ʃori,,,one girl,,,
dogr1250-onegirl,dogr1250,ek kuɖi,,,one girl,,,
garh1243-onegirl,garh1243,ek ləɖki,,,one girl,,,
kuma1273-onegirl,kuma1273,ek čel,,,one girl,,,
gadd1242-onegirl,gadd1242,əkʰ čʰokre,,,one girl,,,
goan1235-onegirl,goan1235,ek t͡səlɪ,,,one girl,,,
nepa1254-onegirl,nepa1254,eoʈɑ keʈi,,,one girl,,,
kudm1238-onegirl,kudm1238,ənɑʈi/ekʈi beʈičʰəuɑ,,,one girl,,,
beng1280-onegirl,beng1280,ækʈɑ meje,,,one girl,,,
assa1263-onegirl,assa1263,ɛdʒɒnɪ sʊɑ:lɪ,,,one girl,,,
marw1260-onegirl,marw1260,ek čʰorɪ,,,one girl,,,
panj1256-onegirl,panj1256,ɪkk kuɖɪ,,,one girl,,,
adiv1239-onegirl,adiv1239,ǰəɳə ǰʰɪe/ǰʰɪətɪe,,,one girl,,,
kash1277-onegirl,kash1277,əkʰ kuʋər,,,one girl,,,
mara1378-onegirl,mara1378,ek muɭɡɪ,,,one girl,,,
guja1252-onegirl,guja1252,ek čʰokrɪ,,,one girl,,,
sind1272-onegirl,sind1272,ɪkk čʰokrɪ,,,one girl,,,
paha1251-onegirl,paha1251,ek kuɽi,,,one girl,,,
sada1242-onegirl,sada1242,eɡo čʰori,,,one girl,,,
wagd1238-onegirl,wagd1238,ek ʃori,,,one girl,,,
west2380-onegirl,west2380,eɡo čʰəuri,,,one girl,,,
sans1269-onegirl,sans1269,ekɑ bɑlikɑ,,,one girl,,,
sylh1242-onegirl,sylh1242,æxʈɑ meje,,,one girl,,,
urdu1245-onegirl,urdu1245,ɑek ləɽki,,,one girl,,,
halb1244-onegirl,halb1244,ɡoʈək leki,,,one girl,,,
maga1260-onegirl,maga1260,eɡo čʰɔri,,,one girl,,,
kull1236-twogirls,kull1236,dui ʃorijɑ̃,,,two girls,,,
dogr1250-twogirls,dogr1250,do kuɖijɑ̃,,,two girls,,,
garh1243-twogirls,garh1243,dui ləɖki,,,two girls,,,
kuma1273-twogirls,kuma1273,di čeli,,,two girls,,,
gadd1242-twogirls,gadd1242,do čʰukri,,,two girls,,,
goan1235-twogirls,goan1235,d̪on t͡səljo,,,two girls,,,
nepa1254-twogirls,nepa1254,duiʈɑ keʈi əru,,,two girls,,,
kudm1238-twogirls,kudm1238,dənɑʈi beʈičʰəuɑ,,,two girls,,,
beng1280-twogirls,beng1280,d̪uʈo meje,,,two girls,,,
assa1263-twogirls,assa1263,dʊdʒonɪ sʊɑ:lɪ,,,two girls,,,
marw1260-twogirls,marw1260,do čʰorəjɑ,,,two girls,,,
panj1256-twogirls,panj1256,d̪o kuɖɪjɑ̃,,,two girls,,,
adiv1239-twogirls,adiv1239,d̪uɪ ǰəɳə ǰʰɪe,,,two girls,,,
kash1277-twogirls,kash1277,žə kʋerijə,,,two girls,,,
mara1378-twogirls,mara1378,d̪on muɭɪ,,,two girls,,,
guja1252-twogirls,guja1252,be čʰokərɪjo,,,two girls,,,
sind1272-twogirls,sind1272,bə čʰokrɪju,,,two girls,,,
paha1251-twogirls,paha1251,do kuɽijɑ̃,,,two girls,,,
sada1242-twogirls,sada1242,duiɡo čʰorimən,,,two girls,,,
wagd1238-twogirls,wagd1238,be ʃorijẽ,,,two girls,,,
west2380-twogirls,west2380,duɡo čʰəuri,,,two girls,,,
sans1269-twogirls,sans1269,dʋe bɑlike,,,two girls,,,
sylh1242-twogirls,sylh1242,duiʈɑ meje,,,two girls,,,
urdu1245-twogirls,urdu1245,do ləɽkiɑ̃,,,two girls,,,
halb1244-twogirls,halb1244,duj ǰʰən leki mən,,,two girls,,,
maga1260-twogirls,maga1260,du-ɡo čʰɔri,,,two girls,,,
kull1236-onetree,kull1236,ek buʈɑ,,,one tree,,,
dogr1250-onetree,dogr1250,ek buʈɑ,,,one tree,,,
garh1243-onetree,garh1243,ek peɖ,,,one tree,,,
kuma1273-onetree,kuma1273,ek ɖɑu,,,one tree,,,
gadd1242-onetree,gadd1242,əkʰ buʈ,,,one tree,,,
goan1235-onetree,goan1235,ɛk zʰɑd,,,one tree,,,
nepa1254-onetree,nepa1254,eoʈɑ rukʰ,,,one tree,,,
kudm1238-onetree,kudm1238,ənəʈɑ ɡɑčʰ,,,one tree,,,
beng1280-onetree,beng1280,eǩʈɪ ɡɑčʰ,,,one tree,,,
assa1263-onetree,assa1263,ɛdɑ:l ɡɒs,,,one tree,,,
marw1260-onetree,marw1260,ek peɽ,,,one tree,,,
panj1256-onetree,panj1256,ɪkk rukʰ,,,one tree,,,
adiv1239-onetree,adiv1239,ɡotɪe ɡəčʰə/ɡəčʰətɪe,,,one tree,,,
kash1277-onetree,kash1277,əkʰ kul,,,one tree,,,
mara1378-onetree,mara1378,ek  ǰʰɑr,,,one tree,,,
guja1252-onetree,guja1252,ek ǰʰɑɽ/ʋrukʃʰ,,,one tree,,,
sind1272-onetree,sind1272,ɪkk peɽ,,,one tree,,,
paha1251-onetree,paha1251,ek buʈɑ,,,one tree,,,
sada1242-onetree,sada1242,ɛɡo ɡəčʰ,,,one tree,,,
wagd1238-onetree,wagd1238,ek ǰʰɑr,,,one tree,,,
west2380-onetree,west2380,eɡo per,,,one tree,,,
sans1269-onetree,sans1269,ekəm ʋrikʃʰəm,,,one tree,,,
sylh1242-onetree,sylh1242,æxʈɑ ɡɑs,,,one tree,,,
urdu1245-onetree,urdu1245,ɑek dɑrəkʰt,,,one tree,,,
halb1244-onetree,halb1244,ɡoʈək rukʰ,,,one tree,,,
maga1260-onetree,maga1260,eɡo ɡɑčʰ,,,one tree,,,
kull1236-ihaveonebrother,kull1236,merɑ ek bʰɑi sɑ,,,I have one brother.,,,
dogr1250-ihaveonebrother,dogr1250,merɑ ek prɑ ɛ,,,I have one brother.,,,
garh1243-ihaveonebrother,garh1243,mjɑr ek bʰɑi čə,,,I have one brother.,,,
kuma1273-ihaveonebrother,kuma1273,mer ek bʰɛ čʰu,,,I have one brother.,,,
gadd1242-ihaveonebrother,gadd1242,merɑ ək bɑi ə,,,I have one brother.,,,
goan1235-ihaveonebrother,goan1235,mhɑkɑ ek bʰɑv ɑsɑ,,,I have one brother.,,,
nepa1254-ihaveonebrother,nepa1254,meru eoʈɑ bʰɑi čʰə,,,I have one brother.,,,
kudm1238-ihaveonebrother,kudm1238,mən ənɑʈɑ bʰɑi ɑhe,,,I have one brother.,,,
beng1280-ihaveonebrother,beng1280,ɑmɑr ækʈɑ bʰɑɪ ɑčʰe,,,I have one brother.,,,
assa1263-ihaveonebrother,assa1263,mor ɛt̪ɑ: bʰɑɪ ɑsɛ,,,I have one brother.,,,
marw1260-ihaveonebrother,marw1260,mʰɑro ek bʰɑɪ hɛ,,,I have one brother.,,,
panj1256-ihaveonebrother,panj1256,merɑ ɪkk brɑ hɛ,,,I have one brother.,,,
adiv1239-ihaveonebrother,adiv1239,morə ɡotɪe bʰɑɪ əčʰɪ,,,I have one brother.,,,
kash1277-ihaveonebrother,kash1277,meh čʰu əkʰ buəi,,,I have one brother.,,,
mara1378-ihaveonebrother,mara1378,məɭɑ ek bʰəʊ ɑhe,,,I have one brother.,,,
guja1252-ihaveonebrother,guja1252,mɑre ek bʰɑɪ čʰe,,,I have one brother.,,,
sind1272-ihaveonebrother,sind1272,munǰo ɪkk bʰɑ ɑhe,,,I have one brother.,,,
paha1251-ihaveonebrother,paha1251,merɑ ek prɑ ɛ,,,I have one brother.,,,
sada1242-ihaveonebrother,sada1242,mor eɡo bʰɑi ɑhe,,,I have one brother.,,,
wagd1238-ihaveonebrother,wagd1238,mɑre ek bʰɑi he,,,I have one brother.,,,
west2380-ihaveonebrother,west2380,həmmər eɡo bʰɑi həu,,,I have one brother.,,,
sans1269-ihaveonebrother,sans1269,məm ekəh bʰrɑtɑ əsti,,,I have one brother.,,,
sylh1242-ihaveonebrother,sylh1242,ɑmɑr æxʈɑ bɑi ɑse,,,I have one brother.,,,
urdu1245-ihaveonebrother,urdu1245,merɑ ɑek bʰɑi hɛ,,,I have one brother.,,,
halb1244-ihaveonebrother,halb1244,močo ɡoʈək bʰɑi ɑse,,,I have one brother.,,,
maga1260-ihaveonebrother,maga1260,həmər eɡo bʰɑi hɛ,,,I have one brother.,,,
kull1236-ihavetwobrothers,kull1236,merɑ dui bʰɑi sɑ,,,I have two brothers.,,,
dogr1250-ihavetwobrothers,dogr1250,mere do prɑn ɛ,,,I have two brothers.,,,
garh1243-ihavetwobrothers,garh1243,mjɑr dui bʰɑi čʰe,,,I have two brothers.,,,
kuma1273-ihavetwobrothers,kuma1273,mer di bʰɛ čʰe,,,I have two brothers.,,,
gadd1242-ihavetwobrothers,gadd1242,mere do bɑi-n/bɑi nə,,,I have two brothers.,,,
goan1235-ihavetwobrothers,goan1235,mhɑkɑ d̪on bʰɑv ɑsɑt̪,,,I have two brothers.,,,
nepa1254-ihavetwobrothers,nepa1254,mɛru duiʈɑ bʰɑi əru čʰən,,,I have two brothers.,,,
kudm1238-ihavetwobrothers,kudm1238,mən dənɑʈɑ bʰɑi ɑ:hɑt,,,I have two brothers.,,,
beng1280-ihavetwobrothers,beng1280,ɑmɑr d̪uʈo bʰɑɪ ɑčʰe,,,I have two brothers.,,,
assa1263-ihavetwobrothers,assa1263,mor dʊt̪ɑ bʰɑɪ ɑsɛ,,,I have two brothers.,,,
marw1260-ihavetwobrothers,marw1260,mʰɑrɑ do bʰɑɪ hɛ,,,I have two brothers.,,,
panj1256-ihavetwobrothers,panj1256,mere d̪o brɑ hən,,,I have two brothers.,,,
adiv1239-ihavetwobrothers,adiv1239,morə d̪uɪtɪ bʰɑɪ əčʰənt̪ɪ,,,I have two brothers.,,,
kash1277-ihavetwobrothers,kash1277,meh čʰə žə buəi,,,I have two brothers.,,,
mara1378-ihavetwobrothers,mara1378,məɭɑ d̪on bʰəʊ ɑhet̪,,,I have two brothers.,,,
guja1252-ihavetwobrothers,guja1252,mɑre be bʰɑɪjo čʰe,,,I have two brothers.,,,
sind1272-ihavetwobrothers,sind1272,munǰɑ bə bʰɑ ən,,,I have two brothers.,,,
paha1251-ihavetwobrothers,paha1251,mere do prɑn,,,I have two brothers.,,,
sada1242-ihavetwobrothers,sada1242,mor duiɡo bʰɑi ɑhe,,,I have two brothers.,,,
wagd1238-ihavetwobrothers,wagd1238,mɑre be bʰɑi he,,,I have two brothers.,,,
west2380-ihavetwobrothers,west2380,həmmər duɡo bʰɑi həu,,,I have two brothers.,,,
sans1269-ihavetwobrothers,sans1269,məm dʋɔ bʰrɑtrɔ stəh,,,I have two brothers.,,,
sylh1242-ihavetwobrothers,sylh1242,ɑmɑr duiʈɑ bɑi ɑse,,,I have two brothers.,,,
urdu1245-ihavetwobrothers,urdu1245,mere do bʰɑi hɛ̃,,,I have two brothers.,,,
halb1244-ihavetwobrothers,halb1244,močo du ǰʰən bʰɑi mən ɑsot,,,I have two brothers.,,,
maga1260-ihavetwobrothers,maga1260,həmər duɡo bʰɑi hət,,,I have two brothers.,,,
kull1236-ihaveonesister,kull1236,meri ek bɛɳ sɑ,,,I have one sister.,,,
dogr1250-ihaveonesister,dogr1250,meri ek bɛɳ ɛ,,,I have one sister.,,,
garh1243-ihaveonesister,garh1243,mjɑr ek behen čə,,,I have one sister.,,,
kuma1273-ihaveonesister,kuma1273,mer ek beɳ čʰu,,,I have one sister.,,,
gadd1242-ihaveonesister,gadd1242,meri ək bɛn ə,,,I have one sister.,,,
goan1235-ihaveonesister,goan1235,mhɑkɑ ek bʰəjɳ ɑsɑ,,,I have one sister.,,,
nepa1254-ihaveonesister,nepa1254,meru eoʈɑ bəini čʰə,,,I have one sister.,,,
kudm1238-ihaveonesister,kudm1238,mər ekʈi/ənɑʈi behin əhi,,,I have one sister.,,,
beng1280-ihaveonesister,beng1280,ɑmɑr ækʈɑ bon ɑčʰe,,,I have one sister.,,,
assa1263-ihaveonesister,assa1263,mor ɛt̪ɑ: bʰonɪ ɑsɛ,,,I have one sister.,,,
marw1260-ihaveonesister,marw1260,mʰɑrɪ ek ben h,,,I have one sister.,,,
panj1256-ihaveonesister,panj1256,merɪ ɪkk bɛɳ hɛ,,,I have one sister.,,,
adiv1239-ihaveonesister,adiv1239,morə ɡotɪe bʰəʊɳɪ əčʰɪ,,,I have one sister.,,,
kash1277-ihaveonesister,kash1277,meh čʰə əkʰ beni,,,I have one sister.,,,
mara1378-ihaveonesister,mara1378,məɭɑ ek bəhɪn ɑhe,,,I have one sister.,,,
guja1252-ihaveonesister,guja1252,mɑre ek bəhen čʰe,,,I have one sister.,,,
sind1272-ihaveonesister,sind1272,munǰɪ ɪkk beɳ ɑhe,,,I have one sister.,,,
paha1251-ihaveonesister,paha1251,meri ek pen ɛ,,,I have one sister.,,,
sada1242-ihaveonesister,sada1242,mor eɡo bəhin ɑhe,,,I have one sister.,,,
wagd1238-ihaveonesister,wagd1238,mɑri ek ben he,,,I have one sister.,,,
west2380-ihaveonesister,west2380,həmmər eɡo/həmrɑ ek bəhin həu,,,I have one sister.,,,
sans1269-ihaveonesister,sans1269,məm ekɑ bʰəɡini əsti,,,I have one sister.,,,
sylh1242-ihaveonesister,sylh1242,ɑmɑr æxʈɑ boin ɑse,,,I have one sister.,,,
urdu1245-ihaveonesister,urdu1245,meri ek behən hɛ,,,I have one sister.,,,
halb1244-ihaveonesister,halb1244,močo ɡoʈək bəhin ɑse,,,I have one sister.,,,
maga1260-ihaveonesister,maga1260,həmər eɡo bəhin hi,,,I have one sister.,,,
kull1236-ihavetwosisters,kull1236,meri dui bɛɳ-ɑ sɑ,,,I have two sisters.,,,
dogr1250-ihavetwosisters,dogr1250,merijə do bɛɳən ɛ,,,I have two sisters.,,,
garh1243-ihavetwosisters,garh1243,mjɑr dui behen čʰi,,,I have two sisters.,,,
kuma1273-ihavetwosisters,kuma1273,mer di beɳ-i čʰe,,,I have two sisters.,,,
gadd1242-ihavetwosisters,gadd1242,meri do bɛn-en,,,I have two sisters.,,,
goan1235-ihavetwosisters,goan1235,mhɑkɑ d̪on bʰəjɳɪ̃ ɑsɑt̪,,,I have two sisters.,,,
nepa1254-ihavetwosisters,nepa1254,mɛru duiʈɑ bəini əru čʰən,,,I have two sisters.,,,
kudm1238-ihavetwosisters,kudm1238,mər dənɑʈi behin ɑ:hət,,,I have two sisters.,,,
beng1280-ihavetwosisters,beng1280,ɑmɑr d̪uʈo bon ɑčʰe,,,I have two sisters.,,,
assa1263-ihavetwosisters,assa1263,mor dʊt̪ɑ: bʰonɪ ɑsɛ,,,I have two sisters.,,,
marw1260-ihavetwosisters,marw1260,mʰɑrɪ do benɑ hɛ,,,I have two sisters.,,,
panj1256-ihavetwosisters,panj1256,merɪjɑ̃ d̪o bɛɳɑ hən,,,I have two sisters.,,,
adiv1239-ihavetwosisters,adiv1239,morə d̪uɪtɪ bʰəʊɳɪ əčʰənt̪ɪ,,,I have two sisters.,,,
kash1277-ihavetwosisters,kash1277,meh čʰə žə beni,,,I have two sisters.,,,
mara1378-ihavetwosisters,mara1378,məɭɑ d̪on bəhɪn ɑhet̪,,,I have two sisters.,,,
guja1252-ihavetwosisters,guja1252,mɑre be bəheɳo čʰe,,,I have two sisters.,,,
sind1272-ihavetwosisters,sind1272,munjɪ bə beɳru ən,,,I have two sisters.,,,
paha1251-ihavetwosisters,paha1251,meri do penən,,,I have two sisters.,,,
sada1242-ihavetwosisters,sada1242,mor duiɡo bəhin ɑhe,,,I have two sisters.,,,
wagd1238-ihavetwosisters,wagd1238,mɑri be ben-e he,,,I have two sisters.,,,
west2380-ihavetwosisters,west2380,həmmər duɡo bəhin həu,,,I have two sisters.,,,
sans1269-ihavetwosisters,sans1269,məm dʋe bʰəɡinjɔ stəh,,,I have two sisters.,,,
sylh1242-ihavetwosisters,sylh1242,ɑmɑr duʈɑi boin ɑse,,,I have two sisters.,,,
urdu1245-ihavetwosisters,urdu1245,meri do behnẽ hɛ̃,,,I have two sisters.,,,
halb1244-ihavetwosisters,halb1244,močo dui ǰʰən bəhin asot,,,I have two sisters.,,,
maga1260-ihavetwosisters,maga1260,həmər du (ɡo) bəhin hət,,,I have two sisters.,,,
kull1236-ihavethreesisters,kull1236,meri trɑi bɛɳɑ-sɑ,,,I have three sisters.,,,
dogr1250-ihavethreesisters,dogr1250,merijə treɛ bɛɳən ɛ,,,I have three sisters.,,,
garh1243-ihavethreesisters,garh1243,mjɑr tin behen čʰi,,,I have three sisters.,,,
kuma1273-ihavethreesisters,kuma1273,mer tin beɳ-i čʰe,,,I have three sisters.,,,
gadd1242-ihavethreesisters,gadd1242,meri trɛ bɛn-en,,,I have three sisters.,,,
goan1235-ihavethreesisters,goan1235,mhɑkɑ t̪ɪn bʰəjɳɪ̃ ɑsɑt̪,,,I have three sisters.,,,
nepa1254-ihavethreesisters,nepa1254,mɛru tinʈɑ bəini əru čʰən,,,I have three sisters.,,,
kudm1238-ihavethreesisters,kudm1238,mər ʈenɑʈi behin ɑ:hət,,,I have three sisters.,,,
beng1280-ihavethreesisters,beng1280,ɑmɑr t̪ɪnʈe bon ɑčʰe,,,I have three sisters.,,,
assa1263-ihavethreesisters,assa1263,mor t̪ɪnɪdʒonɪ bʰoni ɑsɛ,,,I have three sisters.,,,
marw1260-ihavethreesisters,marw1260,mʰɑrɪ tɪn benɑ hɛ,,,I have three sisters.,,,
panj1256-ihavethreesisters,panj1256,merɪj̃ɑ t̪ɪnn bɛɳɑ hən,,,I have three sisters.,,,
adiv1239-ihavethreesisters,adiv1239,morə t̪ɪnotɪ bʰəʊɳɪ əčʰənt̪ɪ,,,I have three sisters.,,,
kash1277-ihavethreesisters,kash1277,meh čʰə trɛ beni,,,I have three sisters.,,,
mara1378-ihavethreesisters,mara1378,məɭɑ t̪ɪn bəhɪn ɑhet̪,,,I have three sisters.,,,
guja1252-ihavethreesisters,guja1252,mɑre t̪roɳ bəheɳo čʰe,,,I have three sisters.,,,
sind1272-ihavethreesisters,sind1272,munjɪ ʈre beɳru ən,,,I have three sisters.,,,
paha1251-ihavethreesisters,paha1251,meri trɛ penən,,,I have three sisters.,,,
sada1242-ihavethreesisters,sada1242,mor tinɡo bəhin ɑhe,,,I have three sisters.,,,
wagd1238-ihavethreesisters,wagd1238,mɑri trəɳ ben-e he,,,I have three sisters.,,,
west2380-ihavethreesisters,west2380,həmmər tinɡo bəhin həu,,,I have three sisters.,,,
sans1269-ihavethreesisters,sans1269,məm tisrəh bʰɑɡinjəh sənti,,,I have three sisters.,,,
sylh1242-ihavethreesisters,sylh1242,ɑmɑr tinʈɑ boin ɑse,,,I have three sisters.,,,
urdu1245-ihavethreesisters,urdu1245,meri tin behnẽ hɛ̃,,,I have three sisters.,,,
halb1244-ihavethreesisters,halb1244,močo tin ǰʰən bəhin asot,,,I have three sisters.,,,
maga1260-ihavethreesisters,maga1260,həmər tin (ɡo) bəhin hət,,,I have three sisters.,,,
kull1236-ihaveonealmirah,kull1236,mu-ɑɡɛ ek əlmɑri sɑ,,,I have one almirah.,,,
dogr1250-ihaveonealmirah,dogr1250,mere koɭ ək əlmɑri ɛ,,,I have one almirah.,,,
garh1243-ihaveonealmirah,garh1243,mjɑr pɑs ek əlmɑri čə,,,I have one almirah.,,,
kuma1273-ihaveonealmirah,kuma1273,mer pɑs ek əlmɑri čʰu,,,I have one almirah.,,,
gadd1242-ihaveonealmirah,gadd1242,mere ək əlmɑri ɑ,,,I have one almirah.,,,
goan1235-ihaveonealmirah,goan1235,mhəzɛ lɑɡɪ̃ ek ɑrmɑr ɑsɑ,,,I have one almirah.,,,
nepa1254-ihaveonealmirah,nepa1254,meru eoʈɑ əlmɑri čʰən,,,I have one almirah.,,,
kudm1238-ihaveonealmirah,kudm1238,mər ʈʰin ənɑʈɑ hɑɽkɑ ɑheik,,,I have one almirah.,,,
beng1280-ihaveonealmirah,beng1280,ɑmɑr ækʈɑ ɑ:lmɪrɑ ɑčʰe,,,I have one almirah.,,,
assa1263-ihaveonealmirah,assa1263,mor ɛt̪ɑ ɑ:lmɑ:rɪ ɑsɛ,,,I have one almirah.,,,
marw1260-ihaveonealmirah,marw1260,mʰɑrɛ kənɛ ek əlmɑrɪ hɛ,,,I have one almirah.,,,
panj1256-ihaveonealmirah,panj1256,mere koɭ ek əlmɪrɑ hɛ,,,I have one almirah.,,,
adiv1239-ihaveonealmirah,adiv1239,morə ɡotɪe əlmɪrɑ əčʰɪ,,,I have one almirah.,,,
kash1277-ihaveonealmirah,kash1277,meh čʰə əkʰ əlmɑri,,,I have one almirah.,,,
mara1378-ihaveonealmirah,mara1378,mɑǰʰɑ kəɽe ek kəpɑʈ ɑhe,,,I have one almirah.,,,
guja1252-ihaveonealmirah,guja1252,mɑrɪ pɑse/ mɑre ek kəbɑʈ čʰe,,,I have one almirah.,,,
sind1272-ihaveonealmirah,sind1272,muhɪnǰe ʋəʈʰ ɪkk ɑlmɑrɪ ɑhe,,,I have one almirah.,,,
paha1251-ihaveonealmirah,paha1251,mere kol ek əlmɑri ɛ,,,I have one almirah.,,,
sada1242-ihaveonealmirah,sada1242,mor ǰə eɡo əlmɑri ɑhe,,,I have one almirah.,,,
wagd1238-ihaveonealmirah,wagd1238,mɑre pɑe ek əlmɑri he,,,I have one almirah.,,,
west2380-ihaveonealmirah,west2380,həmrɑ pɑs eɡo əlmirɑ həu,,,I have one almirah.,,,
sylh1242-ihaveonealmirah,sylh1242,ɑmɑr æxʈɑ ɑlmɑri ɑse,,,I have one almirah.,,,
urdu1245-ihaveonealmirah,urdu1245,mere pɑs ɑek əlmɑri hɛ,,,I have one almirah.,,,
halb1244-ihaveonealmirah,halb1244,močo ləɡe ɡoʈək əlmɑri ɑse,,,I have one almirah.,,,
maga1260-ihaveonealmirah,maga1260,həmər pɑs eɡo əlmɑri hɛ,,,I have one almirah.,,,
kull1236-ihavetwoalmirahs,kull1236,mu-ɑɡɛ dui əlmɑri sɑ,,,I have two almirahs.,,,
dogr1250-ihavetwoalmirahs,dogr1250,mere koɭ do əlmɑriən ɛ,,,I have two almirahs.,,,
garh1243-ihavetwoalmirahs,garh1243,mjɑr pɑs dui əmlɑri čʰi,,,I have two almirahs.,,,
kuma1273-ihavetwoalmirahs,kuma1273,mer pɑs di əlmɑri čʰe,,,I have two almirahs.,,,
gadd1242-ihavetwoalmirahs,gadd1242,mu əlɛ do əlmɑri nə,,,I have two almirahs.,,,
goan1235-ihavetwoalmirahs,goan1235,mhəzɛ lɑɡɪ̃ d̪on ɑrmɑrɪ ɑsɑt̪,,,I have two almirahs.,,,
nepa1254-ihavetwoalmirahs,nepa1254,moi sitɑ duiʈɑ əlmɑri əru čʰən,,,I have two almirahs.,,,
kudm1238-ihavetwoalmirahs,kudm1238,mər ʈʰin dənɑʈɑ hɑɽkɑ ɑheik,,,I have two almirahs.,,,
beng1280-ihavetwoalmirahs,beng1280,ɑmɑr d̪uʈo ɑ:lmɪrɑ ɑčʰe,,,I have two almirahs.,,,
assa1263-ihavetwoalmirahs,assa1263,mor dʊt̪ɑ ɑ:lmɑ:rɪ ɑsɛ,,,I have two almirahs.,,,
marw1260-ihavetwoalmirahs,marw1260,mʰɑrɛ kənɛ do əlmɑrəjɑ hɛ,,,I have two almirahs.,,,
panj1256-ihavetwoalmirahs,panj1256,mere koɭ d̪o əlmɑrɪjɑ̃ hən,,,I have two almirahs.,,,
adiv1239-ihavetwoalmirahs,adiv1239,morə d̪uɪtɪ əlmɪrɑ əčʰ̪ɪ,,,I have two almirahs.,,,
kash1277-ihavetwoalmirahs,kash1277,meh čʰə žə əlmɑri,,,I have two almirahs.,,,
mara1378-ihavetwoalmirahs,mara1378,mɑǰʰɑ kəɽe d̪on kəpɑʈ ɑhet̪,,,I have two almirahs.,,,
guja1252-ihavetwoalmirahs,guja1252,mɑrɪ pɑse/ mɑre be kəbɑʈ čʰe,,,I have two almirahs.,,,
sind1272-ihavetwoalmirahs,sind1272,muhɪnǰe ʋəʈʰ bə ɑlmɑrɪju ən,,,I have two almirahs.,,,
paha1251-ihavetwoalmirahs,paha1251,mere kol do əlmɑriən,,,I have two almirahs.,,,
sada1242-ihavetwoalmirahs,sada1242,mor ǰə duiɡo əlmɑri ɑhe,,,I have two almirahs.,,,
wagd1238-ihavetwoalmirahs,wagd1238,mɑre pae be əlmɑri he,,,I have two almirahs.,,,
west2380-ihavetwoalmirahs,west2380,həmrɑ pɑs duɡo əlmirɑ həu,,,I have two almirahs.,,,
sylh1242-ihavetwoalmirahs,sylh1242,ɑmɑr duiʈɑ ɑlmɑri ɑse,,,I have two almirahs.,,,
urdu1245-ihavetwoalmirahs,urdu1245,mere pɑs do əlmɑrijɑ̃ hɛ̃,,,I have two almirahs.,,,
halb1244-ihavetwoalmirahs,halb1244,močo ləɡe du ʈʰɑn əlmɑri ɑsot,,,I have two almirahs.,,,
maga1260-ihavetwoalmirahs,maga1260,həmər pɑs duɡo əlmɑri hɛ,,,I have two almirahs.,,,
kull1236-ihaveonebag,kull1236,mu-ɑɡɛ ek bɛɡ sɑ,,,I have one bag.,,,
dogr1250-ihaveonebag,dogr1250,mere koɭ ek bɛɡ ɛ,,,I have one bag.,,,
garh1243-ihaveonebag,garh1243,mem/mjɑr pɑs ek bɛɡ čə,,,I have one bag.,,,
kuma1273-ihaveonebag,kuma1273,mer pɑs ek ǰʰol čʰu,,,I have one bag.,,,
gadd1242-ihaveonebag,gadd1242,mu əlɛ ək ǰoɽɑ,,,I have one bag.,,,
goan1235-ihaveonebag,goan1235,mhəzɛ lɑɡɪ̃ ek pot̪ɪ ɑsɑ,,,I have one bag.,,,
nepa1254-ihaveonebag,nepa1254,moi sitɑ eoʈɑ bɛɡ čʰə,,,I have one bag.,,,
kudm1238-ihaveonebag,kudm1238,mər ʈʰin ənɑʈɑ tʰeilɑ ɑheik,,,I have one bag.,,,
beng1280-ihaveonebag,beng1280,ɑmɑr ækʈɑ bæɡ ɑčʰe,,,I have one bag.,,,
assa1263-ihaveonebag,assa1263,mor ɛt̪a bɛɡ ɑsɛ,,,I have one bag.,,,
marw1260-ihaveonebag,marw1260,mʰɑrɛ kənɛ ek t̪ʰɛlo hɛ,,,I have one bag.,,,
panj1256-ihaveonebag,panj1256,mere koɭ ek t̪ʰɛɑ hɛ,,,I have one bag.,,,
adiv1239-ihaveonebag,adiv1239,morə ɡotɪe muɳɑ əčʰɪ,,,I have one bag.,,,
kash1277-ihaveonebag,kash1277,meh čʰu əkʰ bəst,,,I have one bag.,,,
mara1378-ihaveonebag,mara1378,mɑǰʰɑ kəɽe ek pɪsʋɪ ɑhe,,,I have one bag.,,,
guja1252-ihaveonebag,guja1252,mɑrɪ pɑse ek t̪ʰelo čʰe,,,I have one bag.,,,
sind1272-ihaveonebag,sind1272,muhɪnǰe ʋəʈʰ ɪkk ǰolo ɑhe,,,I have one bag.,,,
paha1251-ihaveonebag,paha1251,mere kol ek bəstɑ ɛ,,,I have one bag.,,,
sada1242-ihaveonebag,sada1242,mor ǰə eɡo tʰəilɑ/ǰʰolɑ ɑhe,,,I have one bag.,,,
wagd1238-ihaveonebag,wagd1238,mɑre pɑe ek bɛɡ he,,,I have one bag.,,,
west2380-ihaveonebag,west2380,həmrɑ pɑs eɡo bɛɡ həu,,,I have one bag.,,,
sans1269-ihaveonebag,sans1269,məm ekəh sjutəh əsti,,,I have one bag.,,,
sylh1242-ihaveonebag,sylh1242,ɑmɑr æxʈɑ bæɡ ɑse,,,I have one bag.,,,
urdu1245-ihaveonebag,urdu1245,mere pɑs ɑek bəstɑ hɛ,,,I have one bag.,,,
halb1244-ihaveonebag,halb1244,močo ləɡe ɡoʈək beɡ ɑse,,,I have one bag.,,,
maga1260-ihaveonebag,maga1260,həmər pɑs eɡo tʰəilɑ hɛ,,,I have one bag.,,,
kull1236-ihavethreebags,kull1236,mu-ɑɡɛ trɑi bɛɡ sɑ,,,I have three bags.,,,
dogr1250-ihavethreebags,dogr1250,mere koɭ trɛ bɛɡ ɛ,,,I have three bags.,,,
garh1243-ihavethreebags,garh1243,mjɑr pɑs tin bɛɡ čʰi,,,I have three bags.,,,
kuma1273-ihavethreebags,kuma1273,mer pɑs tin ǰʰol čʰe,,,I have three bags.,,,
gadd1242-ihavethreebags,gadd1242,mu əlɛ trɛ ǰoɽ-en,,,I have three bags.,,,
goan1235-ihavethreebags,goan1235,mhəzɛ lɑɡɪ̃ t̪ɪn pot̪ɪjo ɑsɑt̪,,,I have three bags.,,,
nepa1254-ihavethreebags,nepa1254,moi sitɑ duiʈɑ bɛɡ əru čʰən,,,I have three bags.,,,
kudm1238-ihavethreebags,kudm1238,mər ʈʰin ʈənɑʈɑ tʰeilɑ ɑheik,,,I have three bags.,,,
beng1280-ihavethreebags,beng1280,ɑmɑr t̪i:nʈe bæɡ ɑčʰe,,,I have three bags.,,,
assa1263-ihavethreebags,assa1263,mor t̪ɪnɪt̪a bɛɡ ɑsɛ,,,I have three bags.,,,
marw1260-ihavethreebags,marw1260,mʰɑrɛ kənɛ do t̪ʰɛlɑ hɛ,,,I have three bags.,,,
panj1256-ihavethreebags,panj1256,mere koɭ t̪ɪnn t̪ʰɛle hən,,,I have three bags.,,,
adiv1239-ihavethreebags,adiv1239,morə t̪ɪnotɪ muɳɑ əčʰɪ,,,I have three bags.,,,
kash1277-ihavethreebags,kash1277,meh čʰə trɛ bəst,,,I have three bags.,,,
mara1378-ihavethreebags,mara1378,mɑǰʰɑ kəɽe d̪on pɪsʋjɑ ɑhet̪,,,I have three bags.,,,
guja1252-ihavethreebags,guja1252,mɑrɪ pɑse t̪roɳ t̪ʰelɑ čʰe,,,I have three bags.,,,
sind1272-ihavethreebags,sind1272,muhɪnǰe ʋəʈʰ ʈre ǰolɑ ən,,,I have three bags.,,,
paha1251-ihavethreebags,paha1251,mere kol trɛ bəstɑ ən,,,I have three bags.,,,
sada1242-ihavethreebags,sada1242,mor ǰə tinɡo ǰʰolɑ ɑhe,,,I have three bags.,,,
wagd1238-ihavethreebags,wagd1238,mɑre pɑe trəɳ bɛɡ he,,,I have three bags.,,,
west2380-ihavethreebags,west2380,həmrɑ pɑs tinɡo bɛɡ həu,,,I have three bags.,,,
sans1269-ihavethreebags,sans1269,məm trəjəh sjutɑh sənti,,,I have three bags.,,,
sylh1242-ihavethreebags,sylh1242,ɑmɑr tinʈɑs bæɡ ɑse,,,I have three bags.,,,
urdu1245-ihavethreebags,urdu1245,mere pɑs tin bəste hɛ̃,,,I have three bags.,,,
halb1244-ihavethreebags,halb1244,močo ləɡe tin ʈʰən beɡ ɑsot,,,I have three bags.,,,
maga1260-ihavethreebags,maga1260,həmər pɑs tin ɡo tʰəilɑ hɛ,,,I have three bags.,,,
